症状a,症状b,label,index
阴茎有异味,阴茎白斑,0,13944
精液量多,精子稀少,0,9294
阴茎撕裂,阴茎不是很硬,0,3617
睾丸萎缩,睾丸左侧曲张,0,15329
射精出血,性生活就短,0,8591
阴茎短小,勃起时不够硬,0,15979
阴茎弯曲,阴茎萎缩,0,1743
淋巴结肿大,大腿下肢静脉曲张,0,12344
龟头结痂,龟头上有小疙瘩,0,15587
龟头有小痘痘,龟头表皮破损,0,10494
睾丸潮湿,睾丸积水,0,11786
脱皮,外阴阴蹄瘙痒,0,3398
龟头出血,龟头粘连,0,13770
没有晨勃,半硬不硬,0,12281
阴茎短小,中途也会疲软,0,7152
睾丸胀,睾丸一侧疼,0,15343
尿无力,小便特别黄,0,5617
有点发炎,有点憋尿,0,7411
包皮水肿,包皮不敢翻过来,0,9957
睾丸下垂,睾丸也疼,0,8927
阴茎过大,阴茎硬起来一会就软了,0,12092
死精,精子发黑,0,8110
龟头疼,龟头边缘发紫,0,7889
龟头流脓,龟头有小裂口,0,9801
包皮红肿,龟头有白斑,0,12445
龟头结痂,龟头骚痒,0,16007
尿频,有堵的感觉,0,12618
虚汗,流虚汗,1,4403
睾丸疼,右边蛋蛋疼,1,5406
龟头出不来,龟头有一片红,0,11187
小便出血,小便刺疼,0,931
龟头脱皮,龟头爱软,0,11702
性欲减退,射精就软了,0,2728
尿急,控制不住就射了,0,13379
包皮紧,包皮龟头局部有红点,0,3889
尿里有泡沫,尿尿特黄,0,3169
下面痒,有点弯,0,1009
尿无力,小便灼痛,0,8849
精液发黄,精液好像带血,0,8499
尿痛,小便深黄色,0,9456
尿有灼热感,有点向左歪,0,4827
精液像果冻,精子红色,0,15611
囊肿,有点肿胀感,0,12649
尿浑浊,老想小便,0,5575
龟头灼热,阴茎硬了,0,8679
龟头充血不足,龟头过度敏感,0,4395
射精出血,性生活有点冷淡,0,16195
阴茎扭转,阴茎特别痒,0,11212
尿分叉,小便的时候不痛,0,3213
阴茎过大,阴茎下表皮发红疼痛,0,1861
尿胀,小便不痛,0,13974
精液粘稠,精子有点淡黄色,0,3516
包皮水肿,包皮总是自己掉下来,0,9635
小便出血,小便很少,0,729
阴茎疼,丁丁痒,0,12385
阴囊红肿,睾丸一边疼,0,13662
硬度不够,脖起不坚,1,9943
包皮有点长,龟头表皮破损,0,9376
肾虚,性功能下降,0,12796
睾丸肿大,睾丸疼狠疼,0,8005
尿有灼热感,有点粘连,0,2383
尿量少,水不多,0,1014
龟头溃烂,龟头出血,0,4208
长疙瘩,一圈红点,1,11890
龟头出不来,龟头有淤血,0,14908
精子成活率低,精子稀,0,893
阴茎弯曲,阴茎麻木,0,4443
阴茎有硬块,阴茎有点肿,0,15084
红肿,生殖器疼,0,7931
龟头红肿,阴茎感觉有点小,0,2398
小腹坠胀,小腹不疼,0,3733
龟头有珍珠疹,龟头有白色污垢,0,5570
中途疲软,干干就软了,1,11245
包皮水肿,包皮前端痒红,0,5440
射精无力,射精块,0,810
龟头有红斑,龟头有黑斑,1,13846
尿分叉,尿尿时尿道疼,0,14997
长疙瘩,硬疙瘩,1,7051
尿胀,小便会痛,0,15634
尿失禁,小便吃力,0,3410
溃疡,龟头不痒,0,8821
龟头有珍珠疹,龟头掉皮,0,4887
脱皮,表皮红肿,0,11078
龟头有颗粒,龟头上有白色的,1,1297
尿有异味,有点分泌物,0,12718
精液有血,精液呈黄色,0,175
性欲减退,射精射不进,0,9762
尿道口流脓,白色尿液,0,12122
尿量少,一点血,0,3284
尿里有泡沫,老是想小便,0,732
阴茎有硬块,阴茎细小,0,12315
尿道口刺痛,小便有灼热感,0,3981
尿量少,尿涨,0,12328
阴茎增粗,阴茎静脉漏,0,414
阴茎撕裂,阴茎头痒,0,8347
增生,前列腺有点增大,0,3732
阴茎弯曲,阴茎水肿,0,8060
阴茎增粗,阴茎左偏,0,2110
阴茎增大,阴茎老是会硬,0,6432
尿有异味,小便的时候特别疼,0,4332
下体有异味,生殖器不疼,0,11577
龟头脱皮,龟头起小红疙瘩,0,11293
龟头有小痘痘,龟头没感觉,0,14345
尿浑浊,尿有点痛,0,1796
龟头出不来,龟头有点肿,0,11452
睾丸下垂,阴囊有下坠感,1,11607
尿道有点痒,尿道口有些红肿,0,4981
睾丸挫伤,睾丸小软,0,12838
阴囊红肿,睾丸越来越小,0,1068
龟头敏感,龟头下面特敏感,1,8338
小便出血,尿尿时疼,0,7099
阴茎有异味,阴茎变大变粗,0,12739
射精痛,射精无力,0,1656
钙化,白色阴毛,0,5500
前列腺疼,前列腺钙化?,0,7900
阴茎过大,阴茎歪了,0,13098
龟头敏感,?特别敏感,1,9408
精液像水一样,精液还发黄,0,9159
阴囊发凉,睾丸下垂,0,4976
性欲减退,射精快??持久性不长???小弟弟不够大,0,6246
尿无力,小便特别多,0,16051
龟头溃烂,龟头特别痒,0,15805
钙化,内裤有黄色东西,0,9080
龟头敏感,龟头肿了,0,8583
龟头红肿,阴茎勃起疼,0,8785
龟头有小痘痘,龟头发红脱皮,0,4141
小便出血,尿尿时刺痛,0,13733
龟头脱皮,龟头包皮肿,0,13431
睾丸挫伤,睾丸一侧疼,0,14327
龟头溃烂,龟头肿大,0,10125
尿道流白色液体,有白色的东西??特别恶心,0,16213
阴囊痒,大腿出汗,0,14916
阴茎增粗,阴茎硬起来一会就软了,0,476
长疙瘩,肉粒,1,3826
没有以前硬,硬度不错,0,3445
尿无力,腰乏无力,0,8570
包皮痒,包皮还长,0,11708
龟头脱皮,龟头溃烂,0,1139
射精出血,射精慢,0,11605
有点疼,局部疼痛,1,14221
龟头上有黑点,龟头铭感,0,5539
尿浑浊,尿有点红,0,9438
不射精,一插进去就想射,0,6298
阴囊肿大,阴囊有时会潮湿,0,10864
精液量少,精子发光,0,10652
尿道有点痒,尿道口不红肿,0,5112
阴茎有硬块,阴茎特别痒,0,7984
小腹疼,四肢疼痛,0,12354
阴茎短小,勃起有点困难,0,210
尿浑浊,尿尿尿道疼,0,4477
精液发黄,精子活力低,0,2410
精液量多,精液也少,0,4532
小腹坠胀,小腹也痛,0,1160
不射精,勃起了很硬,0,7973
没有以前硬,勃起也不好,0,15863
包皮红肿,包皮很短,0,15399
囊肿,有点硬硬的,0,2138
精液粘稠,精子活力弱,0,10959
包皮有点长,包皮短,0,8096
龟头敏感,龟头敏感神经敏感,1,4541
腰酸乏力,小腹微胀,0,8109
尿不尽,尿会分叉,0,6593
精液像水一样,精子变黄,0,3226
增生,前列腺不大,0,11131
龟头敏感,性爱很敏感,1,7760
睾丸萎缩,睾丸水肿,0,5289
阴茎扭转,阴茎越来越小,0,522
精子有颗粒,无颗粒,0,4737
龟头灼热,龟头神经损害,0,13709
硬不起来,性生活时间短射精快,0,2107
龟头脱皮,龟头上有小疙瘩,0,4212
龟头痒,龟头下面一圈肉,0,10373
尿道口流脓,白色的东西流出,0,14700
尿痛,尿尿时有点刺痛,1,4873
小腹疼,小肚子痛,1,13877
精液有异味,精子有异味,1,16073
小腹疼,太阳玄疼痛,0,2919
精液像水一样,精子像水,1,5709
阴囊发凉,阴囊积水,0,16219
阴茎过大,阴茎没有以前硬了,0,12512
睾丸下垂,睾丸有点涨痛,0,3682
尿痛,小便有异味,0,12518
睾丸萎缩,阴囊总是潮湿,0,13637
长疙瘩,水痘痘,1,10230
尿道口刺痛,尿道口有点红,0,15773
尿道口刺痛,尿道口发紫,0,5672
龟头结痂,龟头表皮破损,0,3479
尿浑浊,尿尿很少,0,12088
睾丸萎缩,睾丸一直发硬,0,6227
硬度不够,勃起困难?硬度不够,1,873
尿胀,小便发黑,0,10946
阴茎增大,阴茎侧弯,0,2676
粉刺,红色水泡,1,8681
阴茎疼,小弟弟疼,1,15012
尿分叉,尿尿时有点刺痛,0,7176
肉芽,长了一个大疙瘩,1,15608
睾丸痒,睾丸有点肿,0,10815
尿里有泡沫,尿尿老是黄色,0,12900
包皮垢,包皮严重肿痛,0,12204
尿道口红肿,尿道口发炎,0,4604
尿频,感觉好累,0,15914
精子成活率低,精子里带血,0,11025
龟头脱皮,龟头冠状棱,0,12392
尿无力,小便尿道有点痛,0,10485
睾丸痒,睾丸上有硬块,0,1194
尿道有点痒,尿尿有烧灼感,0,9248
包皮有点长,龟头有白斑,0,15564
龟头脱皮,龟头上有小红点,0,7724
包皮水肿,包皮上起了小疙瘩,0,6483
阴茎增大,阴茎勃起弯曲,0,7637
阴茎扭转,阴茎有点小,0,507
尿量少,瞌睡特别多,0,11859
龟头上有黑点,龟头冠状沟处有沫沫,1,10106
尿频,腰胀尿频,1,7159
性欲减退,射精速度快,0,15466
小肉球,起小泡,1,4104
输精管缺如,输精管痛,0,901
龟头敏感,做爱太敏感,0,10487
下面痒,大腿上有红点,0,4120
龟头有珍珠疹,龟头潮湿,0,3289
有点红,有点?痒,0,5811
龟头出不来,龟头没有感觉,0,10475
包皮紧,包皮口变小,0,7872
阴茎扭转,阴茎会痒,0,14413
睾丸有异味,阴囊下面痒,0,15729
阴茎疼,阴茎勃起困难,0,12523
硬不起来,勃起不缓,0,12646
包皮红肿,包皮裂开,0,5827
射精痛,射精痛射精无力无快感,1,9103
龟头出血,龟头发红,0,15641
龟头有红斑,龟头骚痒,0,6025
龟头有红点,龟头有小疙瘩,1,3119
小便出血,血精,0,15523
精液有血,精液有血为,1,11154
虚汗,胸闷,0,15327
硬度不够,勃起时间长,0,1057
小便出血,撒尿有血,1,5984
龟头出不来,龟头有粘液,0,9264
尿有异味,小便发黄,0,14954
阴囊有疙瘩,龟头上长了红点,0,12171
睾丸一个大一个小,睾丸红肿,0,5766
射精痛,射精有血?,0,10480
包皮红肿,龟头起了几个红点,1,12562
肉芽,长白点,1,10950
睾丸挫伤,睾丸有些疼,0,14739
精液粘稠,精液气味,0,15718
阴茎短小,阴茎勃起硬度不够,0,222
排尿困难,想尿又尿不出,1,1899
早射,∵刚进就射,1,2016
囊肿,有点歪,0,12274
龟头红肿,阴茎包皮红肿,1,5495
下面痒,痒??周围有点脱皮,1,9643
钙化,白色粉刺,0,14733
阴茎增粗,阴茎勃起慢,0,9864
小腹坠胀,睾丸坠胀,0,4479
射精无力,射精不舒服,0,10562
包皮紧,包皮上起小包,0,7384
下面痒,阴囊上有小疙瘩,0,4101
睾丸痒,睾丸坏死,0,6208
龟头脱皮,龟头外一圈总有白的东西,0,14976
钙化,尿液味重,0,1467
硬度不够,勃起12多点,0,15158
尿黄,小便有沫,0,10248
精液粘稠,精液成水状,0,8221
龟头出不来,龟头干裂,0,6731
睾丸潮湿,阴囊有点痒,0,2674
阴茎有硬块,阴茎长水泡,1,10721
睾丸肿大,睾丸皮疼,0,7066
尿频,老是想射,0,1941
阴茎短小,勃起硬度差,0,215
尿道口红肿,被口就有一块发红,0,12737
射精出血,射精后肚子疼,0,9491
尿胀,尿尿有亮晶体,0,3995
龟头结痂,龟头有酥麻感,0,9540
阴囊有疙瘩,龟头长小红点,0,6988
阴囊脱皮,阴囊痛,0,15835
黄色的,泛黄,1,6815
长疙瘩,有小白点,1,11715
龟头出不来,龟头不平滑,0,4552
黄色的,有点烧灼感,0,3551
尿道口流脓,白色的一些东西,0,11080
淋巴结肿大,睾丸正常都下垂,0,11331
阴茎折断,阴茎冰凉,0,11544
粉刺,白色皮肤一样,0,13574
阴茎增大,阴茎太小,1,3109
阴茎有硬块,阴茎流脓,0,2701
有点肿,有点疼有点痒,0,2283
精液发黄,精子颗粒状,0,5257
睾丸有异味,潮湿异味,1,2171
精子有颗粒,一点果冻状,0,3258
阴茎过大,阴茎比较短小,0,9057
粉刺,白色的小痘痘,1,5932
龟头痒,龟头起红疙瘩,0,8564
精液量多,撸几下就射了,0,9481
龟头结痂,龟头小,0,10069
肉芽,红色斑块,0,4511
阴茎水肿,阴茎刺痛,0,14693
阴茎水肿,阴茎勃起不硬,0,15842
有异味,有点偏胖,0,8345
小便出血,尿血?,1,9395
龟头有白色分泌物,龟头有少量分泌物,1,2688
尿有异味,小便痒,0,3348
睾丸胀,睾丸下面长个豆,0,14093
尿等待,小便有分叉,0,9098
龟头充血不足,龟头敏感度有点高,0,6545
射精无力,尿也不多,0,9867
精液量多,精液太少,0,12520
阴囊有疙瘩,蛋蛋上有小疙瘩,1,8876
尿急,没两下就射精,0,8587
尿道口刺痛,小便的时候刺痛,1,8764
龟头充血不足,龟头变软,0,6035
睾丸疼,睾丸出汗,0,10818
龟头溃烂,龟头有分泌物,0,7348
脱皮,生殖器疲软,0,5331
记忆力减退,腰酸背痛怕冷,0,59
包皮水肿,包皮烂痒,0,14036
有点红,有点痛,0,11821
下面痒,下面瘙痒,1,4829
射精出血,精液中有血丝,1,12414
小便出血,尿尿,0,14905
长疙瘩,红色的小点,1,13603
龟头有颗粒,鬼头上有白色的东西,1,12874
睾丸胀,睾丸胀痛厉害,1,4768
阴囊发凉,睾丸有点疼痛,0,2102
阴囊痒,阴囊上长了好多疙瘩,0,12543
包皮痒,包皮上有白点,0,15873
阴茎撕裂,血管受损海绵体受损,0,13197
龟头有小痘痘,龟头出现红点,1,1988
阴茎增大,阴茎变软,0,9225
有点疼,老是做梦,0,3727
手脚冰凉,老出虚汗,0,9716
睾丸扭转,睾丸特大,0,7692
尿胀,撒尿带血,0,6732
龟头有白色分泌物,尿道口损伤,0,7994
记忆力减退,精神萎靡,1,6570
龟头灼热,阴茎就软了,0,15601
尿道口红肿,有灼热感,0,7272
精子有颗粒,射精控制∴不住,0,10834
睾丸萎缩,睾丸受伤,0,7470
阴囊脱皮,睾丸左侧疼,0,9255
尿痛,小便时有点痒,0,6382
龟头有白色分泌物,尿道有异味,0,2446
尿量少,一喝水就尿多,0,7500
阴茎短小,勃起不怎么硬,0,234
黄色的,尿红,0,5340
阴茎增粗,阴茎短小包皮,0,756
肉芽,长了小豆豆,1,13844
早射,房事不射精,0,15755
小肉球,长了几个疙瘩,1,5175
精液像水一样,精液有颗粒发黄,0,2577
龟头灼热,阴茎突然不硬,0,6513
射精出血,全程射血,1,14575
睾丸挫伤,睾丸上有东西,0,8300
中途疲软,中途容易疲软,1,5099
尿量少,尿有味,0,8219
龟头疼,龟头痒痒,0,15062
精子有颗粒,射精不痛,0,14132
射精痛,磨蹭就疼痛,0,2258
尿有灼热感,小便的时候有点疼,0,6047
小肉球,小肉瘤,1,10117
尿道有点痒,尿道口有点痒,1,13061
尿频,憋尿,0,8643
睾丸下垂,睾丸疼痛,0,10541
阴茎撕裂,阴茎红痒,0,5144
睾丸有点硬,睾丸破皮,0,12542
精液有异味,精子颜色发黄,0,5915
阴茎扭转,阴茎不爱硬,0,10693
粉刺,黑色粉刺,1,15940
尿道口刺痛,尿道有点痛,1,10476
尿道有点痒,尿道口有些红,0,2479
小便出血,小便多,0,14149
不射精,硬度不好,0,13984
尿道口流脓,白色了,0,5205
阴茎短小,勃起刺激就想射精,0,16168
龟头有颗粒,无颗粒,0,4506
射精无力,射精痛射精无力无快感,1,4276
尿道口刺痛,尿道口肿点不流脓,0,3031
阴茎水肿,阴茎太大,0,1302
腰酸乏力,腰疼酸,1,5883
龟头出血,龟头刺挠,0,15519
睾丸挫伤,睾丸:痛,0,13630
尿道口红肿,尿的时候刺痛,0,12979
包皮痒,包皮浮肿,0,12596
尿量少,一点点红,0,14511
阴囊脱皮,睾丸发痒,0,15624
尿黄,撒尿痛,0,12267
虚汗,好出汗,1,9290
龟头结痂,龟头增大,0,8515
有点发炎,有点尿结石,0,12624
中途疲软,做爱到一半就软了,1,2152
脱皮,一片发红,0,5298
小腹疼,左侧腮部肿了头部左侧麻木疼痛,0,9359
精液有血,精液果冻状,0,134
溃疡,有点拉肚子,0,15336
龟头有小痘痘,龟头上有白点点,1,5914
睾丸潮湿,睾丸出汗,1,2018
龟头溃烂,龟头上长痘痘,0,15180
龟头流脓,龟头出不来,0,9934
阴茎水肿,阴茎软绵绵的,0,14598
阴茎弯曲,海绵体损伤不能勃起,0,3921
龟头上有黑点,龟头还疼,0,15247
阴囊痒,阴囊有点湿,0,14574
中途疲软,稍一分神就软了,1,9823
精液像果冻,精子跟果冻一样,1,7672
阴茎短小,勃起不够硬,0,204
精液发黄,精液突然变少,0,12457
龟头结痂,龟头异味,0,13318
阴囊有疙瘩,龟头上起了两个红点,0,14725
溃疡,有一点点痒,0,4397
射精无力,射精都很快,0,7198
阴茎疼,阴茎缩小,0,12526
龟头痒,龟头发黑,0,8054
精液粘稠,精子成活率不够,0,15894
睾丸萎缩,睾丸肿,0,3040
阴茎折断,阴茎非常短小,0,13384
阴囊脱皮,阴囊有灼热感,0,14181
睾丸下垂,附睾有硬块,0,5848
龟头上有黑点,龟头有点红肿,0,8757
龟头溃烂,龟头上痒,0,1884
有点红,有点弯,0,8078
记忆力减退,记忆力衰退,1,94
精液发黄,精子稀少,0,13457
龟头有红斑,龟头肿了,0,13632
龟头有红点,龟头发凉,0,10492
没有以前硬,勃起下降,0,13254
包皮痒,包皮内庠,1,3003
精液有异味,精液活力低,0,14674
钙化,尿液有发黄,0,13802
尿无力,小便发臭,0,11875
尿急,尿口疼,0,14718
睾丸有点硬,左侧睾丸有个硬块,1,12300
有点红,长了点点,0,14243
龟头有白色分泌物,尿道口发热,0,2010
囊肿,有点白色,0,2170
中途疲软,一会自己就软了,1,8549
龟头上有黑点,龟头有珍珠疹,1,2277
尿不尽,总感觉想尿尿,0,1053
红肿,疼痛瘙痒,0,8934
精子有颗粒,射精后头疼,0,5881
龟头有白色分泌物,尿道有灼热感,0,12960
记忆力减退,精神萎靡,0,49
尿道口刺痛,小便有刺痛,0,15216
淋巴结肿大,输精管堵塞,0,12251
精子有颗粒,射精射精有些快,0,10451
阴茎疼,阴茎细短,0,5764
长疙瘩,长小红点,1,10433
小肉球,红痘痘,1,1504
粉刺,小水泡,1,2585
溃疡,有点痒有点痛,0,3977
阴茎过大,阴茎异常勃起轻度,0,14809
精子有颗粒,射精量很大,0,5194
龟头脱皮,龟头水肿,0,1484
龟头脱皮,龟头是红紫色,0,10520
有异味,发热里面有点红,0,11874
脱皮,生殖器里面痒,0,1066
尿量少,夜里尿特别多,0,4742
龟头痒,龟头有点发红,0,5267
龟头流脓,龟头上有很多小红点,0,10731
阴囊脱皮,睾丸下垂,0,12969
包皮紧,包皮划破出了很多血,0,4692
虚汗,出汗潮湿,1,14720
包皮痒,包皮也痒,1,13135
死精,精子果冻状发黄,0,12938
硬度不够,硬度不尖,1,2453
硬度不够,勃起小,0,8682
阴茎折断,阴茎软绵绵的,0,4218
阴囊红肿,睾丸一阵一阵的疼,0,15035
阴茎有硬块,阴茎有时会痛,0,3954
龟头有红斑,包皮上有小红点,1,2214
包皮紧,包皮?,0,14035
虚汗,没精,0,8860
精液粘稠,精液流的少,0,9984
尿道口流脓,烧热感,0,6585
包皮水肿,包皮后小鸡鸡感染,0,8766
精液量多,一进去就射了,0,7665
尿无力,小腹胀,0,2086
阴茎水肿,阴茎过大,0,8260
硬度不够,勃起很疼,0,3658
龟头流脓,龟头上起红点,0,15514
精液像水一样,精液味,0,3859
死精,精液的味道,0,13791
尿道口刺痛,尿道口有粘液流出,0,3153
硬不起来,勃起来I0几分钟短小,0,3899
包皮水肿,包皮口紧,0,15507
包皮有点长,??包皮过长,1,8754
包皮水肿,包皮内侧痒,0,1011
龟头流脓,龟头异味,0,15840
排尿困难,夹不住尿,0,7460
精液像水一样,精液特少,0,2282
龟头出不来,龟头神经过敏,0,3743
精液像果冻,精子不射,0,11341
红肿,生殖器有点小,0,6932
精液像水一样,精液带血丝,0,8021
肾虚,浑身发热,0,7192
阴囊痒,阴囊上长个小肉芽,0,6394
精液有异味,精液里有小黑点,0,3909
不射精,勃起不硬射精快无力,0,4349
睾丸扭转,睾丸太小,0,9240
有点肿,后背疼痛,0,3467
肉芽,小米粒水泡,1,2441
睾丸疼,小便完疼痛,0,3916
阴茎撕裂,阴茎神经粘连,0,4334
阴茎撕裂,阴茎潮湿,0,3751
灼热,有灼热感,1,7836
尿多,小便痛??,0,2519
肾虚,性功能衰退,0,10180
尿道有点痒,尿道管疼,0,8737
尿道流白色液体,尿出来白色液体,1,6690
精子成活率低,精液量少,0,7698
硬度不够,勃起也疼,0,13615
尿多,小便出血,0,860
龟头敏感,几下就射精了特别敏感,1,4685
阴茎短小,勃起时间短硬度不够,0,8135
腰酸乏力,腰酸腰痛,1,12495
精液像果冻,精子都发黄,0,14928
睾丸挫伤,睾丸痛,0,16112
尿无力,小便有沫,0,3471
阴茎疼,阴茎能增大,0,9521
有点红,有点微红,1,3332
阴囊红肿,睾丸积水,0,2275
精子有颗粒,精子颗粒状,1,12282
阴茎弯曲,阴茎硬起来一会就软了,0,9223
睾丸一个大一个小,阴囊积水,0,16063
小便出血,小便是红色的,1,11390
睾丸胀,睾丸有个小疙瘩,0,11070
精液像水一样,精液呈果冻状,0,14768
有异味,有点透明,0,15696
龟头出血,龟头漏出来,0,1429
阴茎增粗,阴茎勃起有时候很硬,0,6108
龟头有小痘痘,龟头红斑,1,5555
有异味,有点变大,0,7228
死精,精液透明?,0,14317
尿有异味,尿尿有泡沫,0,9750
精液有异味,股癣有异味,0,8897
腰酸乏力,弯腰疼,0,12220
尿有异味,小便泡沫,0,3155
尿失禁,小便流血,0,7909
尿无力,小便时有点痛,0,6504
尿道口红肿,尿道流脓,0,5492
龟头流脓,龟头红红,0,7452
阴茎增大,阴茎细和短,0,364
阴茎疼,阴茎很硬,0,12208
龟头出不来,龟头有些胀痛,0,4901
龟头流脓,龟头上有红色斑点,0,3464
尿道口红肿,尿道口流黄色液体,0,9715
阴囊痒,阴囊特别潮湿,0,956
性欲减退,射精早,0,4404
射精无力,射精子,0,9488
睾丸疼,睾丸下坠松弛,0,16129
尿量少,尿特别的黄,0,8306
红肿,生殖器官小,0,9023
早射,两分钟就射精,1,8769
龟头出不来,龟头中间红,0,6092
龟头流脓,龟头上有白点点,0,9995
有点红,有点上火,0,2547
红肿,疙瘩红肿,1,5166
钙化,排尿有点痛,0,10036
记忆力减退,失眠,0,744
阴茎扭转,阴茎软,0,11427
尿量少,小便多次数多,0,9711
龟头溃烂,阴茎长了个疙瘩,0,3793
阴茎增大,阴茎比较短小,0,338
精液粘稠,精子呈黄色,0,14651
有异味,有点尿不净,0,10249
有异味,有点早射,0,2461
不射精,性生活不勃起,0,10103
阴囊脱皮,睾丸隐隐作痛,0,4384
尿分叉,尿不黄,0,7987
包皮有点长,包皮烂痒,0,3867
没有以前硬,勃起没那么硬,1,14538
龟头有红点,龟头铭感,0,800
阴囊有疙瘩,睾丸上有小疙瘩,1,1285
虚汗,浑身无力,0,15897
小肉球,红色的小痘痘,1,12752
小便出血,尿尿起泡沫,0,6138
尿里有泡沫,小便不痛,0,12024
肉芽,小米粒大小的疙瘩,1,4227
尿黄,尿黄有泡,1,740
阴囊痒,阴囊下垂,0,13463
尿失禁,小便不通,0,2274
精液粘稠,精子有颗粒,0,11493
尿道口红肿,尿尿感觉刺痛,0,5815
肾虚,憋的不行,0,10546
龟头上有黑点,龟头破了,0,11056
尿浑浊,小便尿不出,0,2878
阴茎短小,勃起也不是很硬,0,241
黄色的,有点发炎,0,3535
龟头有红斑,包皮红肿,1,1174
龟头出血,龟头有白色物质,0,11479
尿道口流脓,龟头刺痛,0,7903
肾虚,头疼头晕,0,4021
尿分叉,尿尿有点热,0,13529
睾丸下垂,阴囊收缩,0,6377
龟头有水泡,龟头上有一圈小疙瘩,1,11451
龟头脱皮,龟头疼痛,0,13570
睾丸变小,附睾囊肿,0,14626
龟头有红斑,龟头下面发青色,0,9918
射精痛,射精快点,0,11957
膀胱胀,膀胱胀痛,1,3085
龟头痒,龟头有小疙瘩,0,4117
包皮红肿,龟头有白色异物,0,1494
红肿,皮肤瘙痒,0,14822
尿频,感觉到疼,0,9282
龟头出血,龟头疼,0,11167
记忆力减退,腰酸腿酸,0,6624
精液发黄,精子都发黄,1,14959
记忆力减退,出盗汗,0,61
龟头出血,龟头红痒,0,3223
尿等待,尿尿的时候痛,0,5445
龟头溃烂,龟头异味,0,5128
射精痛,射精突然中途停顿,0,3260
粉刺,白色的沫沫,0,3299
尿不尽,一躺下就想尿尿,0,3426
阴茎撕裂,阴茎流水,0,2561
溃疡,有点痛感,0,8657
阴囊痒,阴囊潮温,0,12195
精液有血,精液像果冻一样,0,3519
尿有灼热感,小便有泡沫,0,1321
阴茎增大,阴茎软绵绵的,0,14297
龟头有珍珠疹,龟头腐烂,0,12186
淋巴结肿大,右侧腹股沟疼痛,0,7055
龟头有小痘痘,龟头不疼,0,13327
包皮有点长,包皮挡的,0,16106
精液有异味,精液有一点异味,1,10032
尿胀,小便排尿时刺痛,0,764
钙化,分秘物,0,10110
龟头溃烂,龟头太过敏感,0,11166
尿分叉,尿尿有泡沫,0,14516
记忆力减退,精神不佳,0,11756
精液有血,精液量少,0,109
睾丸胀,睾丸上有个小硬疙瘩,0,749
龟头红肿,阴茎上有小痘痘,0,12728
尿有异味,尿有味,1,2031
尿不尽,尿不尽??,1,2042
阴囊脱皮,阴囊结痂,0,9396
阴茎有异味,阴茎冠状沟脱皮,0,3976
龟头充血不足,海绵体水肿,0,6597
下体有异味,生殖器有点红肿,0,9067
睾丸潮湿,蛋蛋潮湿,1,3552
阴囊脱皮,阴囊有一点潮湿,0,2166
阴茎增粗,阴茎多长,0,450
肥大,前列腺增大钙化,0,7206
钙化,白色的粘液,0,7624
阴茎短小,勃起很难,0,239
尿有异味,尿尿痛,0,11729
阴茎增大,阴茎酸痛,0,11744
阴茎有硬块,阴茎上有小痘痘,0,5564
睾丸下垂,睾丸坠胀,1,910
精液有异味,精液有血丝,0,8432
阴茎疼,阴茎变短,0,8895
肾虚,四肢乏力,0,10094
精子有颗粒,颗粒捏又感觉不到硬,0,12296
精液粘稠,精子不完全液化,1,14496
精液像果冻,精子有果冻状,1,5957
阴茎短小,勃起后疼,0,15768
阴茎增粗,阴茎海绵体细胞受损,0,491
尿分叉,尿白,0,9299
小便出血,尿里有血,1,14020
龟头有白色分泌物,白色颗粒,0,13292
息肉,总长息肉,1,3605
记忆力减退,记忆力下降,1,1
小肉球,阴径根部汗毛眼起了三个小疙瘩,0,12019
尿道口红肿,有些分泌物,0,5821
精液粘稠,精液微黄,0,9055
小肉球,大疙瘩,1,1780
包皮垢,包皮特别痒,0,13598
龟头出不来,龟头出过血,0,9640
包皮水肿,包皮还过长,0,10206
尿分叉,尿黄有味,0,3702
钙化,白色垢,0,12889
尿不尽,尿不下来尿,0,12408
睾丸变小,睾丸潮湿有味,0,2536
阴茎增粗,阴茎很短,0,482
龟头上有黑点,龟头有白色,1,2971
精液有异味,精液气味,0,13927
尿道口流脓,尿道口流出,0,14812
精液有血,精子淡黄色果冻状,0,14721
包皮垢,包皮包的,0,741
囊肿,有点变小,0,5613
尿有灼热感,有点积液,0,5725
虚汗,特别能出汗,1,3612
睾丸肿大,睾丸一阵一阵的疼,0,11325
睾丸疼,睾丸右下边疼,1,11253
小腹疼,小肚疼,1,15867
尿道口流脓,尿道口瘙痒,0,4341
射精痛,射精也有点快,0,10123
睾丸变小,睾丸有点隐痛,0,7993
精子成活率低,精液果冻状,0,10681
记忆力减退,腰乏力,0,32
下面痒,有点稀,0,5696
睾丸潮湿,睾丸有点疼痛,0,7370
囊肿,有点浑浊,0,4526
有点肿,有点疙瘩,0,14198
阴茎折断,阴茎溃疡,0,11439
腰酸乏力,小腹隐隐的疼,0,8642
龟头出血,龟头发黄,0,9971
肉芽,小白粒,1,6894
阴茎折断,阴茎经常勃起,0,5916
阴茎疼,jj弯的,0,13838
有点红,有点红了,1,2609
红肿,生殖器上长小疙瘩,0,10376
阴囊红肿,睾丸有点胀疼,1,4590
没有以前硬,勃起次数多,0,14193
性欲减退,射精射不出,0,8969
龟头痒,龟头白色,0,952
睾丸胀,睾丸大了,0,13238
阴茎扭转,阴茎疼,0,499
不射精,硬度不够时间不长,0,8923
记忆力减退,腰酸背痛,0,0
硬不起来,鸡鸡翘不起来,1,6285
钙化,小便腥臭味,0,10786
尿黄,尿尿泡沫,0,6734
射精出血,性生活就硬不起来,0,13505
尿里有泡沫,小便很少,0,1751
龟头有小疙瘩,睾丸皮上长了个疙瘩,0,11357
阴茎过大,阴茎太粗,1,3341
睾丸萎缩,睾丸阵痛,0,7107
尿多,尿尿有点慢,0,761
硬不起来,硬都硬不起来,1,10091
龟头有红斑,龟头不硬,0,3238
龟头疼,龟头有淤血,0,1649
包皮水肿,包皮有小裂口,0,7064
龟头脱皮,龟头有红色斑点,0,15677
睾丸扭转,睾丸起白皮,0,4577
精子成活率低,精子是黄色的?,0,7166
龟头敏感,龟头有黑斑,0,13960
前列腺疼,前列腺轻度增生伴钙化灶,0,7947
阴茎疼,阴径有点小,0,8237
龟头结痂,龟头上有黑点,0,1369
肾虚,性功能有点下降,0,9031
尿多,小便是红色的,0,13550
增生,前列腺丐化很大,0,10682
精液粘稠,精子像果冻,1,984
阴茎疼,鸡鸡小,0,6793
阴茎疼,鸡巴比以前短,0,8187
尿有异味,小便有灼热感,0,12759
龟头上有黑点,龟头上面有红点,1,3485
阴茎增粗,阴茎痒痒,0,443
睾丸一个大一个小,睾丸一个大,1,948
睾丸变小,耳朵,0,3984
龟头有红点,龟头上面有红点,1,3648
出血,出了一点血,1,6371
尿黄,小便尿痛,0,9402
睾丸变小,睾丸隐隐痛,0,15597
龟头有小痘痘,龟头上有一点红,0,10357
尿分叉,小便特别多,0,6972
精液有异味,精子有点黄色,0,5471
龟头结痂,龟头有小疙瘩,0,6451
阴茎增粗,阴茎变短,0,412
龟头结痂,龟头包皮,0,2626
包皮水肿,包皮上有小白点,0,6852
尿里有泡沫,尿尿的时候刺痛,0,12525
硬不起来,勃起不太好,1,6137
睾丸变小,睾丸有点坠痛,0,14918
精液像水一样,精子畸形高,0,11502
尿道口刺痛,尿道口滴白,0,3007
包皮红肿,包皮前端痒红,1,11090
尿黄,小便后有白色液体,0,14893
尿急,尿尿不舒服,0,12000
尿频,感觉没性欲,0,7026
龟头充血不足,龟头软,0,8212
尿道有点痒,小便有刺痛,0,3496
不射精,硬度时间短,0,880
尿有灼热感,尿尿的时候有点疼,0,14054
有点红,有点分叉,0,3362
小便出血,有点烧热感,0,635
龟头红肿,阴茎又大又粗又红又硬,1,9186
阴茎扭转,阴茎头长小鸽豆还洋洋,0,3058
有点红,有点过长,0,6178
包皮红肿,龟头发白,0,6049
尿无力,小便发绿,0,14492
死精,精液液化太快,0,11067
龟头结痂,包皮上有水泡,0,13248
包皮痒,包皮翻不回,0,9318
龟头上有黑点,龟头紫色,0,4280
精液像水一样,精液活力不足,0,9621
死精,精子凉,0,12763
睾丸有点硬,睾丸受伤,0,2910
包皮垢,包皮红,0,3466
阴茎扭转,阴茎包皮过长,0,549
睾丸一个大一个小,睾丸爆裂,0,4874
尿分叉,小便黄色,0,8818
硬不起来,能勃起但不硬,0,13435
尿道有点痒,尿道口流出,0,6104
龟头发紫,龟头上有小点,0,10060
死精,精液变成咖啡色了,0,6436
小便出血,尿尿还疼,0,1811
阴茎增粗,阴茎长水泡,0,14706
硬度不够,勃起时间也短,0,7590
尿胀,小便颜色很深,0,9757
阴茎增大,阴茎老钟不能外翻,0,10827
小便出血,小便有白带,0,5031
硬不起来,硬度不硬,0,9158
睾丸胀,睾丸有点隐痛,0,15477
精液粘稠,精子成果冻状,0,15860
龟头有珍珠疹,龟头周围长了一圈毛刺,0,7597
龟头结痂,龟头冠状沟处有沫沫,0,15534
阴囊发凉,睾丸不生精,0,4994
龟头出不来,龟头部分发红还疼,0,7555
小便出血,小便尿血,1,13910
精液发黄,精液呈黄色,1,6063
睾丸有异味,睾丸变小,0,8547
睾丸痒,阴囊粘粘,0,16054
龟头有珍珠疹,龟头上有黑斑,1,2445
睾丸挫伤,睾丸隐隐痛,0,2813
包皮水肿,包皮有时候痒,0,8689
射精出血,腿上有血丝,0,5959
包皮垢,包皮包不住龟头,0,5067
睾丸变小,睾丸疼痛,0,5870
精液量少,精液残留,0,6766
龟头溃烂,龟头上有几个红点,0,10733
睾丸胀,睾丸起皮,0,4889
精液有异味,精液发黄粘稠,0,13777
不射精,不射的,1,5334
出血,全程有血,1,13708
硬不起来,???不硬,0,3634
射精无力,老不射精,0,12800
精液粘稠,精液略带粉色,0,14875
包皮垢,包皮好像是有点长,0,4455
阴囊肿大,阴囊有点湿,0,15483
射精痛,射精还快,0,12293
小腹疼,会阴部疼痛,0,4119
死精,精子活动力低,0,4398
阴茎水肿,阴茎勃起疼痛,0,9005
阴茎弯曲,阴茎太长,0,14708
睾丸变小,睾丸微痛,0,15575
龟头充血不足,龟头全包,0,3013
性欲减退,射精有点痛,0,10131
阴茎过大,阴茎硬,0,4058
龟头上有黑点,龟头边缘有小疙瘩,1,5403
睾丸下垂,睾丸搞完疼,0,1332
包皮痒,包皮内有污垢,0,12793
龟头有红点,冠状沟有红点,1,13230
阴茎有硬块,阴茎有疼痛感,0,4812
精液量少,精子畸形率高,0,3629
阴茎疼,jj痒,0,7202
阴囊红肿,睾丸特别凉,0,8035
阴茎增粗,阴茎海绵体损伤,0,14878
睾丸疼,睾丸老是疼,1,11728
睾丸肿大,睾丸朝湿,0,7416
精液有异味,精液是土黄色,0,11804
有异味,有点异味,1,13450
包皮紧,包皮有一个点痒,0,9882
尿道有点痒,灼热感,0,12903
中途疲软,没射就软了,1,6912
记忆力减退,腰酸腰疼,0,39
精液发黄,精子成颗粒状,0,15795
阴茎有异味,阴茎海绵体细胞受损,0,5857
尿分叉,尿完尿后,0,9106
尿等待,尿的时间长,0,9954
睾丸挫伤,睾丸总是疼,0,12193
不射精,勃起不硬,0,16192
龟头出不来,龟头又大又硬,0,11632
没有以前硬,勃起了很硬,0,16109
龟头结痂,龟头有点肿,0,9179
尿急,尿尿红色,0,5887
包皮垢,包皮红痒,0,13461
钙化,黄色的液体,0,16174
包皮水肿,包皮缩着,0,2858
龟头充血不足,龟头特别大,0,6338
黄色的,灰褐色,0,1839
精液有血,精子发黄果冻状,0,178
肥大,前列腺很难受,0,7963
尿道有点痒,烧灼尿不干净尿尿口里边疼尿频,0,11290
腰酸乏力,腰有点酸痛,1,3457
溃疡,有点疼有点痒,0,13607
尿道口流脓,白色颗粒,0,3647
阴茎短小,勃起很快就软,0,281
睾丸潮湿,附睾有硬块,0,7158
增生,前列腺回声欠均匀,0,12733
阴囊肿大,大腿根瘙痒,0,2447
尿道有点痒,尿道口不疼,0,14383
阴茎折断,阴茎越来越小,0,13501
有异味,有点庠,0,8196
包皮有点长,包皮黏连,0,8475
精液有血,精液不粘稠,0,10540
睾丸萎缩,阴囊朝湿,0,9058
龟头灼热,阴茎异常勃起,0,9467
龟头痒,龟头表皮破损,0,2581
尿等待,排尿灼痛,0,5327
龟头有红斑,龟头还疼,0,13199
龟头充血不足,龟头有敏感,0,1303
龟头出血,龟头流脓,0,1665
睾丸挫伤,睾丸肿,0,12423
阴囊肿大,阴囊小,0,7113
睾丸胀,睾丸上有痘痘,0,6673
阴茎有异味,阴茎勃起向下弯曲,0,643
尿浑浊,尿尿不痛快,0,6813
精液像果冻,精液很粘稠,0,4596
睾丸肿大,睾丸下面湿,0,15705
龟头出血,龟头会痛,0,15600
阴茎增粗,阴茎发凉,0,440
长疙瘩,小肉芽,1,10933
尿量少,尿尿的时候鸡鸡疼,0,8787
精液有血,子发黄,0,197
阴茎疼,鸡巴起来不硬短,0,4365
龟头脱皮,龟头那块,0,10402
没有以前硬,射的时间短,0,7226
龟头有小痘痘,阴茎长疙瘩,1,4558
有点疼,刺痛烧灼,1,15638
没有以前硬,硬度都不够,1,4694
龟头有红点,龟头红红,1,2163
龟头红肿,阴茎上长痘痘,0,3135
性欲减退,射精不爽,0,2955
没有以前硬,勃起没有下降,0,6416
阴茎弯曲,海绵休,0,6093
睾丸痒,睾丸里面有个硬疙瘩,0,2418
尿频,尿尿次数多,1,8525
小腹疼,右下腹按压疼痛,1,15199
龟头红肿,阴茎变大,0,15609
精液发黄,精子结块,0,1609
尿分叉,小便等待,0,3545
阴茎弯曲,阴茎勃起弯曲,1,1349
尿量少,尿量很少,1,7506
阴茎增粗,阴茎向下弯,0,472
没有以前硬,不硬时间短,0,14265
射精出血,性生活质量不高,0,14943
小腹疼,肚子疼腰疼,1,3498
龟头流脓,阴茎瘙痒,0,5666
囊肿,有点变大,0,6095
有点红,有点掉皮,0,3459
尿道口红肿,撒尿尿道刺痛,0,6380
阴茎短小,勃起力度不够,0,253
尿分叉,小便时疼,0,13614
尿有灼热感,有点红?,0,4038
尿道口红肿,排尿刺痛,0,9809
排尿困难,小便有灼热感,0,8417
龟头有红点,龟头有皱纹,0,11406
睾丸萎缩,睾丸老疼,0,6503
包皮红肿,包皮垢特别多,0,15976
阴茎有异味,阴茎勃起不够硬,0,6520
阴茎有异味,阴茎过大,0,3045
龟头充血不足,意力不足,0,5533
睾丸痒,睾丸有点隐痛,0,5057
睾丸挫伤,睾丸里有小疙瘩,0,5896
龟头出血,龟头外有白色的东西,0,8235
阴茎有异味,阴茎发育短小,0,9270
钙化,白乎乎的东西,0,13693
尿痛,小便总是尿裤子,0,12821
龟头有小痘痘,包皮有红点,1,14047
龟头出不来,龟头连接处撕裂,0,9208
睾丸痒,阴囊疼痛,0,8103
阴茎弯曲,阴茎硬不起,0,2915
尿等待,尿不下,0,15944
包皮垢,包皮有时红,0,9712
阴囊脱皮,睾丸外皮瘙痒,0,8232
睾丸挫伤,睾丸有点涨痛,0,4769
尿道口红肿,尿道口肿,1,6703
包皮紧,包皮分离,0,11440
阴茎增大,阴茎小,0,300
龟头有小疙瘩,龟头弯曲,0,9147
阴茎有硬块,阴茎硬起来一会就软了,0,6806
有点红,有发红,1,13634
阴囊发凉,"睾丸
最胀",0,1372
尿不尽,尿路分叉,0,10807
早射,插进去没几下就射了,1,13807
中途疲软,不到10分钟就软了,1,14880
龟头红肿,阴茎冰凉,0,4476
有点疼,慌带上一点点疼痛,1,12298
阴囊脱皮,阴囊湿,0,3527
尿分叉,尿尿起泡沫,0,9371
脱皮,龟头发红瘙痒,0,12954
龟头疼,龟头破皮,0,5307
龟头出血,龟头有分泌物,0,9572
龟头敏感,背部神经敏感,0,9086
死精,精子中有血,0,15423
阴茎折断,阴茎粗大,0,4304
尿里有泡沫,小便是黄色的,0,1576
包皮红肿,龟头有点水肿,1,7213
包皮紧,包皮有些长,0,15496
龟头有白色分泌物,马眼刺痛,0,13027
精子成活率低,精液有点黄,0,6688
射精痛,射精偶尔会有血精,0,6541
精液有异味,精液带血丝,0,12333
射精痛,射精会疼,1,8106
阴茎短小,勃起也不硬,0,244
龟头有小痘痘,龟头铭感,0,1911
睾丸一个大一个小,附睾肿大,1,6343
尿无力,小便也不疼,0,7952
龟头敏感,龟头疼,0,7632
阴茎弯曲,阴经海绵体损伤,0,7335
阴茎折断,阴茎上长了个包,0,11160
有点发炎,带点疼,0,7735
睾丸潮湿,睾丸特别凉,0,13968
龟头上有黑点,龟头包皮痒,0,6942
龟头灼热,阴茎又大又粗又红又硬,0,3559
阴囊发凉,睾丸小了,0,4424
虚汗,腰酸背痛腿抽筋,0,6802
小腹疼,尿小肚子胀,0,5817
龟头结痂,龟头红,0,9502
睾丸有点硬,睾丸皮疼,0,13014
龟头出不来,龟头还有点痒,0,3554
龟头出血,龟头有红肿,0,2285
尿胀,小便尿痛,0,3230
阴茎水肿,阴茎细短,0,15540
尿失禁,小便有少量血,0,8556
尿胀,小便有点血,0,827
睾丸下垂,睾丸小了,0,2302
尿多,小便有血丝,0,8435
腰酸乏力,双腿无力,0,7018
龟头有红斑,龟头很痒,0,3337
尿道流白色液体,小便后有精子流出,0,1322
阴茎有硬块,阴茎过大,0,3800
尿分叉,小便上面老疼,0,2125
精子有颗粒,射精精液很少,0,11297
精液发黄,精液是果冻状,0,7221
精液量少,精子数量少,1,11183
有异味,有点爆皮,0,7902
龟头有小痘痘,龟头上有黑斑,1,15347
睾丸有异味,睾丸软,0,6781
龟头上有黑点,龟头不硬,0,12572
阴茎短小,勃起不够坚硬,0,252
精液像果冻,精子黄色粘稠,0,11289
睾丸挫伤,睾丸下面长个豆,0,4188
尿道口流脓,流黄色的东西,0,9598
阴囊发凉,睾丸有时候痒,0,9813
睾丸扭转,睾丸一直发硬,0,16169
龟头有白色分泌物,淡黄色分泌物,0,7339
尿失禁,小便会疼,0,12516
尿等待,排尿有血,0,12947
阴囊脱皮,阴囊出汗,0,2961
睾丸有异味,睾丸偶尔疼,0,4539
龟头有小疙瘩,阴茎溃疡,0,2769
阴茎过大,阴茎脱敏,0,3776
射精无力,射精都有很多块,0,3114
有异味,跑步有异味,1,8534
淋巴结肿大,睾丸积液,0,14435
精液有血,精液是黄的,0,6761
睾丸有点硬,睾丸下面痒,0,14543
没有晨勃,早上没晨勃,1,12877
阴茎疼,小鸡鸡上有白点,0,8820
尿频,酥麻的感觉,0,11765
龟头敏感,泌乳素过高,0,10080
阴茎扭转,阴茎勃起下弯,0,3579
精液像果冻,精子一块一块,1,11743
尿有灼热感,有点软,0,11956
龟头灼热,阴茎不爱硬,0,2348
长疙瘩,小红点,1,4689
尿急,小便费劲,0,13558
出血,尿尿有一点痛,0,14442
睾丸有点硬,睾丸被拉拽,0,7279
精液发黄,精液里面有血丝,0,14558
尿里有泡沫,尿尿还有点分叉,0,12755
黄色的,尿有点频,0,13645
龟头出血,龟头特敏感,0,5778
长疙瘩,白色米粒大小的疙瘩,1,9372
龟头出不来,龟头有点发黑,0,2293
龟头灼热,阴茎勃起不硬,0,3780
龟头出血,龟头出脓,0,14230
龟头结痂,龟头有小红点,0,6692
粉刺,白色类似于粉刺,1,9130
肥大,肥大增生,1,8881
龟头有红斑,龟头变大,0,845
龟头有红斑,龟头出现红斑,1,1207
龟头有水泡,鸡鸡起红疙瘩,1,3701
溃疡,有点滴白,0,13312
黄色的,尿有点多,0,4490
睾丸胀,睾丸酮也低,0,7761
龟头发紫,龟头不硬,0,6369
手脚冰凉,老是出虚汗,0,14142
精液量少,精子一粒粒,0,4839
尿道口流脓,白色粘物,0,10796
龟头充血不足,阴茎破点皮,0,7969
小肉球,肉芽,1,8225
龟头灼热,阴茎水肿,0,1817
龟头红肿,龟头就疼,0,2928
腰酸乏力,小腹账痛,0,15004
龟头敏感,太过敏感,1,8530
睾丸扭转,睾丸起皮,0,11826
龟头出不来,龟头有时候会痒,0,7748
阴茎水肿,阴茎痒,0,11083
睾丸下垂,左侧肿大,0,4982
龟头流脓,龟头肿了,0,7880
精液有异味,出汗有异味,0,10145
硬不起来,有点硬不起来,1,8034
尿频,小便有点疼,0,9265
龟头有颗粒,黄白色的,0,16078
囊肿,有点粘,0,8811
阴囊红肿,睾丸一小一大,0,9732
龟头有红斑,龟头有点红点,1,4695
死精,精液出血鲜红,0,10324
脱皮,生殖器血管破裂,0,14874
有点肿,肿大疼痛,1,10250
粉刺,白色的皮,0,3681
精液有血,精液褐色,1,186
龟头发紫,龟头有点红,1,14520
尿失禁,小便不硬,0,13749
尿道口刺痛,尿道口疼痛,1,7943
睾丸潮湿,阴囊发白,0,3668
发烧,老发烧,1,8834
腰酸乏力,没有力气,0,1958
阴茎过大,阴茎勃起后长度变短,0,13276
精液有血,精子是红色,1,171
睾丸潮湿,阴囊一大一小,0,4886
下面痒,瘙痒?意味,1,11053
龟头有珍珠疹,龟头不够硬,0,11658
睾丸胀,睾丸有刺痛感,0,15434
精液发黄,精子变色,0,7004
尿多,小便等待,0,10660
阴茎增大,阴茎皮红肿,0,8302
阴茎短小,勃起不坚中路疲软,0,11590
睾丸萎缩,睾丸会痛,0,5017
精液有血,精液泛黄,0,14111
阴茎短小,勃起时疼,0,15075
睾丸肿大,腹股沟淋巴结肿大,0,8149
尿胀,小便的时候有点痛,0,8003
龟头有红点,阴茎麻木,0,606
射精出血,性生活不正常,0,7966
早射,不到1分钟就射了,1,2349
精液发黄,精子不多,0,8512
阴茎扭转,海绵体萎缩,0,10486
尿道口刺痛,尿道口有脓,0,4671
阴茎折断,阴茎上有粉刺,0,10478
阴茎过大,阴茎憋胀,0,14944
睾丸萎缩,睾丸下坠松弛,0,10307
虚汗,总爱出汗,1,8489
手脚冰凉,口干,0,2329
尿里有泡沫,小便尿道疼,0,11552
有点红,有点低烧,0,7746
有点发炎,有点别扭,0,1949
排尿困难,尿尿泡沫,0,10137
尿有异味,尿比较浑浊,0,2704
睾丸挫伤,睾丸大了,0,2739
龟头有小痘痘,龟头流血,0,12760
有点红,脱皮倒,0,14126
尿胀,小便痒,0,14294
排尿困难,小便有臭味,0,10955
睾丸下垂,睾丸微疼,0,7197
脱皮,红肿痛,0,9002
肉芽,金疙瘩,1,4234
阴茎短小,勃起没事,0,243
尿浑浊,尿尿有点疼,0,11546
死精,精子量很少,0,15131
阴囊肿大,大腿两侧瘙痒,0,3836
尿不尽,尿不畅,0,12278
龟头有白色分泌物,尿道口有息肉,0,8543
射精痛,射精快??,0,6013
睾丸痒,睾丸隐隐痛,0,1833
不射精,射精无力无快感,0,1520
红肿,瘙痒红肿,1,1634
阴茎水肿,阴茎无力,0,4565
尿有异味,小便的时候分叉,0,14883
睾丸萎缩,睾丸小软,0,9580
尿痛,小便的时候不痛,0,12510
龟头出血,龟头就黄浓,0,5014
龟头充血不足,生殖器供血不足,1,9453
尿里有泡沫,尿尿口痒,0,13536
尿道口流脓,白色泡沫,0,3262
阴茎有硬块,阴茎小,0,11227
尿频,尿频异味,1,9834
阴茎水肿,阴茎包皮裂口,0,13016
睾丸肿大,睾丸硬块,0,5098
尿痛,小便黄,0,8430
尿不尽,尿尿灼热,0,10389
龟头痒,龟头有一圈小疙瘩,0,7314
黄色的,尿气味重,0,13988
前列腺疼,前列腺外周带囊性病变,0,7402
尿黄,小便的时候有点刺痛,0,15973
精液像果冻,精子粘稠,0,7000
包皮紧,龟头水肿,0,9530
精液像果冻,精子里带血,0,3986
包皮红肿,龟头就疼,0,7833
龟头有红点,龟头发热,0,13067
尿道口红肿,尿道口有浓,0,13121
不射精,性生活时间非常短,0,14948
没有以前硬,???时间短,0,8311
睾丸有异味,分泌物有异味,0,14216
尿有异味,淡黄色分泌物,0,8179
阴茎短小,勃起了也不硬,0,293
阴囊脱皮,阴囊有点凉,0,12497
射精痛,小便完疼痛,0,3833
小便出血,尿尿有氨水味,0,4835
阴囊有疙瘩,龟头有小红点,0,15184
龟头结痂,龟头红了,0,13349
囊肿,有点结石,0,2889
睾丸有异味,精子有异味,0,15450
睾丸胀,睾丸酮分泌失调,0,5336
龟头溃烂,龟头干裂,0,6953
龟头有小疙瘩,龟头有红疙瘩,1,8481
尿有灼热感,有点刺痛,0,14454
增生,前列腺增大伴钙化,0,6215
精液量多,精子少射的还快,0,9826
脱皮,下面也疼,0,2802
阴囊肿大,阴囊坠痛,0,3370
阴茎扭转,阴茎硬,0,14877
睾丸萎缩,阴囊有点潮湿,0,1051
尿不尽,水就想尿尿,0,3458
包皮水肿,包皮还有点长,0,12693
包皮水肿,包皮特征,0,4408
睾丸有点硬,睾丸有刺痛感,0,14129
尿频,有一点硬的感觉,0,5232
包皮水肿,包皮翻不回,0,9704
精子成活率低,精子发黄呈果冻状,0,3501
龟头有红斑,龟头表面有点红,1,15089
龟头痒,龟头流脓,0,15317
阴囊脱皮,大腿内侧疼痛,0,1067
尿道口流脓,白色小点,0,7967
脱皮,下面总是痒,0,11737
射精无力,射精黄色,0,9675
尿黄,尿总是发黄,1,4894
睾丸有异味,睾丸一小一大,0,14279
虚汗,浑身出虚汗,1,8824
睾丸有点硬,睾丸不发育,0,6500
睾丸变小,睾丸有血丝,0,15921
尿急,老是想小便,0,7628
睾丸萎缩,睾丸下垂有肉下垂,0,7953
睾丸有点硬,睾丸很疼,0,2727
阴囊红肿,附睾有硬块,0,15552
囊肿,有点血,0,7625
龟头上有黑点,龟头就黄浓,0,6234
射精出血,性生活时间长,0,13622
睾丸萎缩,阴囊发白,0,15740
尿道有点痒,尿道会疼,0,6917
不孕,不能削弱,0,4126
龟头出血,龟头包皮痒,0,1991
睾丸变小,阴囊有积水,0,5187
龟头有小痘痘,龟头上有白点,1,12743
小肉球,金疙瘩,1,6139
阴茎增粗,阴茎能拉长,0,15617
龟头有珍珠疹,龟头有异味,0,10264
龟头有颗粒,白色黏黏,0,2219
尿浑浊,有尿,0,9737
精液像水一样,精液偏黄,0,11840
阴囊痒,大腿根部出汗,0,9430
精液有异味,精子活力差,0,9992
阴茎扭转,阴茎有味道,0,3456
尿浑浊,尿尿是黄色的,0,10611
阴囊肿大,睾丸发凉,0,13888
死精,精液很少,0,922
龟头出血,龟头上有个黑点,0,13735
小肉球,长小疙瘩,1,15573
早射,插进去就想射,1,14532
脱皮,生殖器官太小,0,14806
龟头灼热,阴茎上长个小疙瘩,0,9653
龟头上有黑点,龟头还痒,0,3329
包皮痒,包皮有时红,0,1745
睾丸萎缩,睾丸两侧发痒,0,9346
睾丸有异味,睾丸涨疼,0,14462
尿分叉,尿尿黄色,0,14670
中途疲软,勃起时间很长,0,14187
睾丸有点硬,睾丸小了,0,1276
尿分叉,小便的时候痛,0,5320
下面痒,表皮红肿,0,6152
睾丸一个大一个小,睾丸疼?,0,12851
小腹疼,罩丸疼痛,0,15134
精子有颗粒,射精没以前有快感,0,5401
小腹疼,右下腹部疼痛,1,4567
包皮痒,包皮感觉有点长,0,2176
精子成活率低,精子水状,0,13290
精液有血,精子有血,1,3677
包皮紧,包皮上起了小疙瘩,0,7395
睾丸下垂,睾丸皮松,0,1812
中途疲软,有时自己就软了,0,13417
阴茎增粗,阴茎会痒,0,13304
睾丸潮湿,睾丸凹凸出来,0,8074
睾丸萎缩,阴囊不痒,0,988
精液粘稠,精液很少,0,7100
有点发炎,有点像水,0,10564
小便出血,小便有泡沫,0,7948
睾丸挫伤,睾丸一个高一个低,0,16040
阴囊红肿,睾丸有点肿,1,7162
阴茎撕裂,阴茎会缩短,0,13262
尿等待,尿频?尿急,0,6043
阴茎过大,阴茎裂口,0,15029
有点肿,有点透明,0,8607
睾丸变小,睾丸肿胀,0,14870
小腹坠胀,下面潮湿?腰酸乏力,0,13127
龟头出不来,龟头不能外漏,0,5110
龟头有白色分泌物,尿道口有少许黄色晶体,0,8249
龟头红肿,龟头垢,0,4557
精子成活率低,精子成黄色,0,4905
阴茎有硬块,阴茎长了个疙瘩,0,7093
阴囊发凉,睾丸有些疼,0,15453
睾丸一个大一个小,睾丸很小,1,5605
尿道口流脓,白色的垢,0,10886
尿有异味,没分泌物,0,13994
包皮痒,包皮裂口子,0,10202
射精出血,老尿血,0,12548
阴囊肿大,阴囊凉凉,0,8198
排尿困难,想射射不出来,0,13717
硬度不够,勃起就疼,0,2140
阴茎增大,阴茎增大增粗,1,367
睾丸有点硬,睾丸微疼,0,11734
尿浑浊,尿尿的时候痛,0,3536
阴茎增大,阴茎太大,1,323
阴茎疼,jj疼,1,6401
阴茎有异味,阴茎不是很硬,0,5273
脱皮,脱皮??痒,1,15586
睾丸下垂,睾丸很凉,0,6364
阴茎疼,阴茎勃起不好,0,13663
龟头有红斑,龟头上有小疙瘩,1,12669
虚汗,腰酸背痛怕冷,0,11132
尿道有点痒,尿道上裂,0,7837
阴茎增大,阴茎总是硬,0,366
尿有灼热感,有点浓,0,1199
龟头溃烂,包皮发痒,0,13998
龟头充血不足,阴茎太敏感,0,1294
尿频,老想上厕所,1,8271
射精无力,量不多,0,5627
阴囊发凉,蛋蛋左侧,0,7310
包皮有点长,龟头过敏,0,11997
尿失禁,小便有血块,0,2039
阴茎增大,阴茎变长,0,308
阴茎有硬块,阴茎变大,0,8772
精液量少,精子稀疏,1,5684
龟头有红点,龟头出脓,0,613
尿道有点痒,小便发红,0,2542
精液量少,精子有味,0,11656
包皮垢,龟头感染,0,12803
睾丸潮湿,蛋蛋老是潮湿,1,14062
阴茎短小,勃起不太硬,0,16031
阴茎水肿,阴茎白斑,0,14246
尿道口红肿,小便时刺痛,0,2304
龟头出血,龟头没有感觉,0,10838
尿里有泡沫,尿尿快,0,12802
精液量多,就射了,0,6999
龟头红肿,阴茎瘙痒,0,4065
长疙瘩,小肉点,1,5738
尿不尽,小便时分叉,0,2476
阴茎撕裂,阴茎能拉长,0,10351
尿浑浊,尿口疼,0,8104
包皮有点长,龟头潮湿,0,10884
有异味,有点下垂,0,6084
尿频,尿尿都疼,0,5625
尿道流白色液体,尿中有红细胞,0,8344
囊肿,有点尿血,0,1641
阴茎有硬块,阴茎太细,0,4335
没有晨勃,早上很硬,0,2794
记忆力减退,精神很不好,0,99
阴囊发凉,睾丸潮,0,15893
精子有颗粒,射精慢,0,13694
睾丸下垂,睾丸特别凉,0,8420
阴茎撕裂,阴茎起不来,0,1099
前列腺疼,前列腺稍微增大,0,4705
记忆力减退,虚汗多梦,0,51
射精痛,射精后感觉很累,0,6009
龟头出血,龟头有小疙瘩,0,14567
睾丸有异味,睾丸外皮痒,0,12166
黄色的,有点儿硬,0,8932
龟头出血,龟头紫色,0,3646
睾丸有点硬,睾丸感觉疼痛,0,11369
龟头痒,龟头上有黑斑,0,8447
龟头有水泡,小小水泡?,0,4147
尿有异味,白的分泌物,0,15661
龟头出血,龟头有点歪,0,2514
性欲减退,射精无力?阴囊潮湿,0,10404
有点发炎,有点不硬,0,1781
精液像果冻,精液很黄,0,3533
性欲减退,射精有血?,0,15639
包皮痒,包皮上有小白点,0,12126
睾丸一个大一个小,睾丸囊肿???,0,8413
龟头脱皮,龟头上有红斑点,0,13618
红肿,生殖器特别痒,0,8569
粉刺,白色渣渣,0,9200
精液量多,精液透明色,0,10871
龟头疼,龟头发红,0,4454
性欲减退,射精没感觉,0,8386
阴囊发凉,睾丸左边大,0,11397
包皮紧,包皮肿,0,10759
尿道流白色液体,流出透明液体,0,7995
精液量少,精子头部畸形,0,14164
龟头上有黑点,龟头肿大,0,2720
包皮有点长,包皮长?,1,8792
阴茎有硬块,阴茎蚤痒痒胀,0,11805
肉芽,红色斑,1,5809
脱皮,生殖器很热,0,9913
尿有异味,尿黄有泡,0,1264
有异味,有点尿曲线,0,15112
记忆力减退,疲乏无力,0,83
龟头脱皮,龟头增大,0,9667
包皮紧,包皮红肿,0,12736
肥大,前列腺发炎,0,6519
虚汗,身体出虚汗,1,14398
包皮水肿,包皮有水肿,1,3319
不射精,勃起不来,0,3975
淋巴结肿大,睾丸有时疼痛,0,11768
阴茎过大,阴茎勃起时往右弯曲,0,14082
睾丸潮湿,阴郎潮湿,0,11360
精液像果冻,精子有黄色的果冻状,1,7043
性欲减退,射精较快,0,1747
龟头疼,龟头明感,0,6959
没有以前硬,勃起刺激就射了,0,5908
睾丸有异味,大腿根部潮湿有异味,1,11947
尿多,尿尿点巴巴,0,8967
脱皮,红斑,0,1671
尿道口刺痛,尿道口灼热,0,1848
龟头疼,龟头起小红疙瘩,0,3411
龟头上有黑点,龟头长红点,1,12416
排尿困难,尿尿不疼,0,1236
阴茎短小,阴茎勃起不坚,0,209
下体有异味,生殖器缩小,0,1383
龟头结痂,包皮发痒,0,8254
龟头痒,龟头漏出,0,10610
精液有血,精液有颗粒发黄,0,8802
睾丸疼,腹部疼痛,0,3005
阴茎有硬块,阴茎弯曲,0,11120
尿急,尿尿的时候会疼,0,11533
精液粘稠,精子活动低,0,4331
尿黄,小便不净,0,7864
精液有异味,精液中有血丝,0,6721
阴囊红肿,睾丸变硬,0,2771
阴茎扭转,阴茎阴囊发凉,0,573
阴囊脱皮,阴囊里面有东西,0,11651
精液发黄,精子里有血,0,13088
硬度不够,勃起时间变短,0,15048
尿有异味,小便时疼,0,7588
阴茎增大,阴茎短,0,301
尿痛,小便时疼痛,1,16154
龟头有红点,龟头小会变火,0,2145
龟头有小痘痘,龟头发白,0,12132
早射,硬了很快就软了,0,13319
尿痛,小便泡沫多,0,15796
尿分叉,小便发涨,0,10533
龟头敏感,龟头感觉特别敏感,1,2158
尿不尽,老想小便,1,6800
精液发黄,精液跟水一样,0,10744
阴囊发凉,睾丸还疼,0,10835
包皮痒,包皮里有污垢,0,11809
尿道口红肿,尿道管痛,0,8706
尿等待,尿急尿分叉,0,10659
龟头有红斑,龟头上有几个小红点,1,9022
长疙瘩,红色小包,1,10604
龟头充血不足,鸡巴敏感,0,615
硬度不够,勃起不正常,0,3985
阴茎过大,阴茎上涨痘痘,0,4794
阴茎折断,阴茎勃不起来又短小,0,4725
记忆力减退,腰酸倒,0,45
射精痛,右边小腹疼痛,0,7505
钙化,尿液浑浊发黄,0,13101
龟头出不来,龟头会疼,0,12022
阴茎有异味,阴茎不易勃起,0,8148
阴囊脱皮,潮湿瘙痒,0,9092
阴茎增大,阴茎太短,0,312
精子有颗粒,射精次数少,0,5902
有异味,有点小了,0,13024
睾丸有点硬,睾丸伤,0,11775
阴茎短小,勃起不缓,0,269
性欲减退,射精也快,0,12778
死精,精子很希,0,2315
尿失禁,小便最后几滴有血,0,14064
睾丸一个大一个小,睾丸老是疼,0,8423
溃疡,有点脱皮,0,15750
小便出血,尿尿特别黄,0,13514
尿不尽,老有尿意,0,2808
小腹疼,左腹疼痛,1,8910
阴囊有疙瘩,睾丸皮上长了个疙瘩,1,8339
早射,几秒钟就射了,1,10921
尿不尽,尿完还有尿感,1,3637
精液像果冻,精子活率低,0,12696
龟头流脓,龟头冰凉,0,6058
尿胀,尿尿有点热,0,7003
阴茎弯曲,龟头供血不足,0,15481
阴茎扭转,阴茎变大变长,0,12001
睾丸下垂,睾丸萎缩?,0,5001
囊肿,有点撕裂,0,14866
硬不起来,勃起次数少,0,7023
粉刺,白色点点,1,4313
阴茎增粗,阴茎海绵体充血不足,0,1056
阴茎疼,jj短,0,14885
精液有异味,精液有腥味,1,7638
阴囊脱皮,睾丸大一个小,0,15229
硬不起来,一起硬不起来,1,631
有点发炎,有一点脓,0,15164
死精,精子发黄成果冻状,0,15342
肉芽,小肉,1,4484
龟头有珍珠疹,龟头有点发红,0,10337
钙化,白色的浓,0,15814
包皮垢,包皮有小红点,0,1922
精子成活率低,精子很少,0,11712
死精,精子透明色,0,15692
有点红,挠破皮了,0,11209
龟头有白色分泌物,尿道口不红肿,0,14756
龟头有小痘痘,龟头冠沟有白色的东西,1,14238
手脚冰凉,流虚汗,0,3494
睾丸痒,睾丸缩小,0,4220
睾丸痒,睾丸有时疼,0,13003
不射精,勃起次数少,0,8839
龟头疼,龟头干裂,0,3991
尿等待,尿黄尿频尿急,0,11302
龟头溃烂,龟头有红肿,0,4293
尿频,上厕所疼,0,15655
阴囊红肿,睾丸特别痛,0,15277
包皮紧,包皮比较长,0,3165
睾丸变小,睾丸很小,0,10704
龟头出不来,龟头有时插阴道软,0,15440
尿痛,小便时刺痛,1,4896
前列腺疼,前列腺钙化灶,0,16055
阴茎短小,勃起时候不够硬,0,12078
有点肿,有点遗尿,0,8044
尿分叉,小便颜色很深,0,15036
龟头充血不足,阴茎特别敏感,0,6554
精液量少,精液透明,0,6940
阴囊有疙瘩,一圈小疙瘩,0,10003
龟头敏感,敏感度高,1,8593
尿痛,小便泡泡多,0,7617
龟头溃烂,龟头漏不出来,0,15024
尿多,小便很黄,0,2000
有点肿,左侧股沟疼痛,0,7242
龟头灼热,阴茎根部痒,0,4140
有异味,有点红了,0,1721
有点红,有点味,0,13305
尿痛,小便有刺痛,1,13032
阴囊脱皮,睾丸缩小,0,3884
尿胀,小便刺疼,0,15374
尿道有点痒,尿道口痒,1,9996
虚汗,浑身发冷,0,15042
阴茎水肿,阴茎快速增大,0,5940
阴茎有硬块,阴茎上有白色的颗粒,1,1870
龟头疼,龟头边缘发红,0,13047
睾丸变小,睾丸外皮痒,0,1904
睾丸有点硬,睾丸隐隐作痛,0,13270
睾丸痒,睾丸坠痛,0,11864
包皮红肿,龟头有点肿,1,2959
没有以前硬,硬度不够??,1,4086
尿道口刺痛,尿道口有浓,0,6458
不射精,射精时间短,0,7155
黄色的,有点困难,0,6243
龟头有小疙瘩,龟头起皮,0,3556
死精,精子是黄色的?,0,15713
射精无力,射精无力没快感,1,9427
粉刺,白色的果冻,0,13594
龟头流脓,龟头起小红疙瘩,0,9198
龟头有珍珠疹,龟头刺痒,0,11313
小便出血,尿尿有点热,0,8412
包皮痒,包皮挺长,0,4372
早射,老丁想射精,0,6379
下面痒,龟头有一个红点,0,11215
龟头灼热,阴茎有些痒,0,5375
精液像水一样,精子死,0,13122
包皮垢,包皮稍长,0,8495
阴茎增粗,阴茎也短小,0,15408
硬不起来,勃起不坚硬,0,10388
阴囊肿大,阴囊血肿,1,10445
尿黄,尿尿发黄,1,13945
龟头发紫,龟头起小红点,1,14540
尿无力,排尿无力,1,4248
阴茎增大,阴茎冰凉,0,363
睾丸肿大,睾丸腾,0,6668
精液像水一样,精液成果冻状,0,14385
阴茎折断,阴茎特别小,0,4326
射精痛,射精咖啡色,0,4468
精液有异味,精子成块状,0,1517
尿道口流脓,黄色东西,0,13643
阴囊痒,阴囊有点潮,0,10625
龟头脱皮,冠状沟有红点,0,13453
黄色的,特别快,0,10532
精液量少,精液很少,1,9062
下体有异味,生殖器血管破裂,0,5523
睾丸潮湿,阴囊湿热,0,11736
龟头敏感,敏感度强,1,8790
龟头流脓,龟头小,0,3671
有点红,有点发黄,0,12029
睾丸挫伤,睾丸里有个疙瘩,0,11781
性欲减退,射精黄色,0,5967
尿频,感觉湿,0,12824
龟头灼热,阴茎不是很硬,0,10189
睾丸痒,睾丸会痛,0,15550
尿多,小便不净,0,9237
尿道有点痒,少许分泌物,0,14414
龟头有红斑,龟头裂口,0,5740
射精痛,射精是果冻,0,12090
阴囊红肿,精索静脉扩张,0,1601
睾丸肿大,睾丸皮上长了个疙瘩,0,14699
阴囊红肿,睾丸很疼,0,10929
小肉球,硬疙瘩,1,9821
长疙瘩,长个小疙瘩,1,3602
尿痛,小便的时候有点疼,1,2172
龟头出不来,龟头肿了,0,3662
小肉球,紫色的疙瘩,1,16110
长疙瘩,起红疙瘩,1,11588
包皮水肿,包皮痒?肿,1,3353
尿不尽,小便很浑浊,0,10613
包皮垢,龟头包皮长,0,10207
龟头流脓,龟头肿胀,0,1045
龟头灼热,阴茎溃疡,0,14842
精液量多,精子稀水,0,14819
精液粘稠,没精子,0,4587
包皮有点长,龟头一碰就疼,0,5976
尿失禁,小便费力,0,15087
阴茎增粗,阴茎勃起不足,0,5274
阴茎撕裂,阴茎经常勃起,0,9195
尿不尽,尿急尿等待,0,6266
有异味,有点皮,0,680
睾丸肿大,睾丸过小,0,13100
尿浑浊,拉尿,0,11445
脱皮,阴部发白,0,10869
尿浑浊,尿尿痒,0,5634
精液发黄,精液呈土黄色,1,7793
尿多,小便发热,0,2289
阴茎短小,勃起就疼,0,229
睾丸挫伤,睾丸变小,0,12376
阴茎扭转,阴茎勃不起,0,9323
睾丸扭转,睾丸微疼,0,10526
阴茎短小,勃起来一会就软了,0,8905
溃疡,有点尿曲线,0,12142
不射精,勃起慢,0,5982
阴茎增粗,阴茎能增大,0,427
尿道有点痒,尿道有刺痛,0,10820
包皮有点长,包皮后水肿,0,4103
龟头痒,龟头又大又硬,0,14208
精子有颗粒,射精不痛快,0,2100
阴茎短小,勃起来缺不硬,0,6661
阴茎扭转,阴茎向下弯曲,1,555
阴茎增粗,阴茎有味道,0,1289
红肿,生殖器流白色液体,0,14296
龟头灼热,阴茎有异味,0,6424
精液有血,精液透明,0,1621
精液粘稠,精子淡黄色,0,12691
钙化,白色得,0,3001
小肉球,长了个疙瘩,1,4199
睾丸一个大一个小,睾丸里有积液,0,5592
龟头痒,龟头上有红疹子,0,4253
脱皮,生殖器不疼,0,11510
龟头充血不足,阴茎溃疡,0,11748
阴囊脱皮,睾丸有潮湿,0,987
阴囊发凉,睾丸皮上都要毛,0,10698
精液有异味,精液程褐色,0,9448
阴茎撕裂,阴茎有包皮破损,0,10170
睾丸变小,睾丸大了,0,2419
龟头流脓,龟头有点痛,0,14168
红肿,包皮起了好多疙瘩?尿道口红肿,0,7169
睾丸萎缩,阴囊收缩凉,1,1957
性欲减退,射精感觉少,0,2687
死精,精子偏黄,0,15763
死精,精子特别多,0,10193
阴囊发凉,睾丸也疼,0,15757
尿等待,排尿很痛,0,10342
阴囊发凉,睾丸一边疼,0,10575
尿里有泡沫,尿尿有灼烧感,0,1645
龟头有水泡,鬼头上有红疙瘩,1,1893
阴囊痒,外阴阴蹄瘙痒,1,10850
尿等待,尿等待尿频,1,2071
尿分叉,小便潜血,0,15451
红肿,阴部瘙痒,0,773
阴茎增粗,阴茎向左弯曲,0,12127
尿频,总是有尿意,1,8152
阴囊痒,大腿内侧疼,0,6087
阴茎弯曲,阴茎长长,0,13361
尿频,感觉下坠,0,12105
睾丸变小,睾丸有个小囊肿,0,4142
阴茎扭转,阴茎老是勃起,0,547
精液有血,精子是红色的,1,4343
包皮紧,包皮为半包,0,13573
睾丸胀,睾丸涨痛,1,10260
阴茎过大,阴茎海绵体萎缩,0,7434
尿黄,发黄晶体,0,11130
阴囊红肿,睾丸红肿,1,12541
长疙瘩,痘痘,1,841
没有以前硬,硬的时间短,0,2262
尿无力,尿不尽尿频,0,13299
尿急,射精控制不住,0,6438
阴茎扭转,阴茎是弯的,1,3364
有点肿,有点?精神失落,0,14738
尿多,尿尿发红,0,5842
睾丸痒,睾丸凉,0,6954
龟头有红斑,龟头下面一圈肉,0,15845
包皮红肿,包皮有点发炎,1,11871
精子成活率低,精子很多,0,12882
龟头上有黑点,龟头有酥麻感,0,15307
龟头有红点,龟头就疼,0,9271
阴茎有异味,阴茎背部有一天小横线特别硬,0,1810
精液像果冻,精子量很少,0,8980
尿道口流脓,白白的豆腐渣,0,13460
精子有颗粒,射精流血,0,5208
不孕,不能脖起,0,3786
龟头灼热,阴茎发凉,0,6759
尿浑浊,尿里有白色沉淀物,0,6947
尿多,小便有异味,0,3927
包皮红肿,龟头瘙痒有异味,0,4579
睾丸痒,睾丸刺痛,0,15557
小腹疼,左边腰酸疼,0,12944
尿道口红肿,念叨刺痛,0,15752
睾丸有异味,睾丸没有下垂,0,10370
尿道流白色液体,撒尿疼痛,0,8825
尿道有点痒,小便尿道刺痛,0,4665
黄色的,特别虚弱,0,9336
阴茎疼,鸡鸡变粗变大,0,9518
黄色的,有点灼热,0,989
尿道口红肿,小便结束有刺痛,0,6842
射精痛,小便疼痛,0,11764
钙化,尿液多,0,3482
尿多,小很多,0,12991
下面痒,大腿根处潮湿,0,12964
阴茎弯曲,阴茎有点弯曲,1,11996
小便出血,小便痒,0,2074
龟头上有黑点,龟头有红点痒,1,2838
尿里有泡沫,小便炽热,0,15613
龟头出血,龟头泛白,0,4159
尿量少,尿好几次尿吧尿不多,1,3156
龟头上有黑点,龟头有水肿,0,7379
精子成活率低,精子发黄,0,3664
精液粘稠,精子多,0,7011
尿不尽,排尿次数多,0,8573
包皮有点长,包皮痛,0,2756
精液量多,3分钟就射了,0,13322
粉刺,白色分沁物,0,15442
早射,一分钟就射了,1,9565
睾丸有点硬,睾丸上有硬块,1,13925
钙化,小便绿色,0,4109
尿浑浊,小便的时候有点刺痛,0,3736
尿道口刺痛,尿道口红里面黑红,0,10920
尿频,尿尿的时候会疼,0,10236
阴囊脱皮,阴囊不痒,0,15566
睾丸有异味,下体有点疼痛,0,13963
龟头痒,龟头不是很硬,0,5524
龟头流脓,龟头有点儿痒,0,7318
射精无力,射精留了好多血,0,15102
早射,两分钟就软了,0,12716
睾丸潮湿,阴囊掉皮,0,15969
下面痒,大腿内侧有红点,0,4183
粉刺,白色黏黏,0,3819
精液粘稠,精子很少,0,9351
阴茎短小,射精快不勃起,0,12164
精子有颗粒,射精没出来,0,12744
阴囊肿大,阴囊发痒,0,14364
尿里有泡沫,小便完流出白色果冻装,0,13233
龟头流脓,龟头上有一个小红点,0,15030
阴茎水肿,阴茎根部疼,0,8529
阴茎扭转,阴茎勃起不好,0,12257
龟头有水泡,龟头上有个红点,1,16043
阴囊痒,阴囊湿,0,11029
钙化,白色透明液体,0,15081
龟头结痂,包皮瘙痒,0,7427
龟头有红点,阴茎上有小水泡,1,3171
黄色的,有点粘,0,2305
睾丸下垂,睾丸囊肿???,0,11487
下面痒,瘙痒刺疼,0,14941
精液有血,精子黄色,0,116
阴囊发凉,睾丸有硬块,0,789
阴囊脱皮,阴囊肿胀,0,10243
精子有颗粒,块状,0,1600
钙化,白色的脏东西,0,5623
射精无力,射精完了很累,0,15542
精液量少,精子发黄呈果冻状,0,9133
粉刺,白色颗粒状东西,1,5981
尿道有点痒,尿道口发红,0,13924
睾丸肿大,睾丸出汗,0,4257
龟头充血不足,龟头脱离,0,2949
龟头发紫,龟头外一圈总有白的东西,0,15630
尿黄,小便带血,0,7842
硬不起来,勃不起来,0,1103
尿不尽,排尿不痛,0,9412
包皮有点长,龟头白色垢,0,8958
射精无力,射精特别快,0,12003
精液粘稠,精子果冻,1,13055
尿急,尿尿混浊,0,16233
睾丸有异味,睾丸潮湿有味,1,12677
精液量多,1分钟就射了,0,10740
阴囊发凉,睾丸特别疼,0,4871
阴囊脱皮,阴囊肿,0,5776
阴茎弯曲,阴茎太粗,0,16083
脱皮,下面有味,0,12284
死精,精子少射的还快,0,13912
溃疡,有点尿白,0,1571
灼热,刺痒感,0,13812
精液有血,精子果冻状,0,111
精液像果冻,精子头部畸形,0,9150
龟头出不来,龟头刺痛,0,15977
龟头灼热,阴茎回血快,0,10035
包皮水肿,包皮上起小包,0,7992
包皮有点长,龟头弯曲,0,11410
阴囊肿大,阴囊有时痒,0,12055
有点发炎,有点胖,0,4559
尿量少,尿的艳色,0,10802
龟头有红斑,龟头很红,1,11405
淋巴结肿大,睾丸起皮,0,13686
囊肿,有点疼,0,14568
粉刺,白泥一样的东西,0,12386
阴茎短小,勃起硬度很好,0,16139
龟头敏感,龟头敏感下降,0,8296
尿道口流脓,白色粉刺,0,10803
精液有血,精子有果冻状,0,161
尿失禁,小便龟头很痛,0,14888
阴茎弯曲,阴茎不起而射精,0,9056
记忆力减退,记忆力有下降,1,85
精液有血,精子淡黄,0,7130
龟头流脓,龟头上有红斑,0,2330
脱皮,有点小红点,0,994
精子有颗粒,射精有一点点血,0,7476
包皮有点长,包皮中下痒,0,5221
尿频,尿尿不出来,0,7449
睾丸萎缩,睾丸皮疼,0,2041
龟头充血不足,反应会特别敏感,0,13150
精液有异味,精液稀少,0,10274
小腹疼,右侧肚子疼,1,3996
包皮有点长,龟头上和皮,0,11682
龟头有白色分泌物,尿道口发白,0,1697
红肿,长了几个红点,0,4760
包皮有点长,包皮处发红,0,9021
阴囊痒,大腿内侧发红,0,11815
中途疲软,硬两三分钟就不硬了,1,3627
阴茎有异味,阴茎回缩,0,14507
睾丸变小,睾丸有点小,1,2614
早射,频繁的遗精,0,12152
尿里有泡沫,尿尿带血,0,13436
睾丸挫伤,睾丸疼?,0,8067
睾丸痒,睾丸很凉,0,5799
包皮紧,包皮很短,0,15632
尿频,JJ没有感觉,0,786
阴茎疼,阴茎细和短,0,1591
睾丸潮湿,阴囊有潮湿感,1,3957
精子成活率低,死精子,1,2204
龟头有珍珠疹,龟头溃烂,0,12002
精液有异味,精子发黄果冻状,0,7146
龟头出血,龟头有异味,0,5146
尿黄,尿尿有沫,0,5610
龟头有颗粒,黄色的精子,0,9819
尿道口刺痛,尿道瘙痒,0,9734
阴囊肿大,阴囊上有很多小点点,0,8805
有点发炎,有点像淘米水,0,8702
龟头上有黑点,龟头发红,0,10253
尿道流白色液体,尿蛋白??,0,9547
龟头有小疙瘩,阴茎有臭味,0,2242
阴茎扭转,阴茎静脉漏,0,513
肉芽,红色的小痘痘,1,2529
尿浑浊,小便上面老疼,0,15086
小肉球,长了一个痘痘,1,5924
射精出血,精液带血,1,2215
阴茎增大,阴茎勃走来10分钟软了,0,1242
脱皮,发红,0,9458
龟头痒,龟头上有红疹,0,8064
尿胀,小便不长,0,2200
尿痛,小便有点多,0,14841
早射,动几下就想射,1,9829
有点疼,发红疼痛,1,11060
没有以前硬,勃起时向上弯曲,0,1814
尿里有泡沫,尿里面有泡沫,1,10278
阴囊发凉,蛋蛋下面,0,16085
手脚冰凉,腰酸背痛怕冷,0,15473
腰酸乏力,神疲乏力,0,6455
尿道有点痒,偶尔小量透明分泌物,0,1040
精液有血,精液成黄色,0,608
钙化,尿液有白色沉淀物,0,15205
小腹疼,肚子有点胀,0,10054
精液有血,精液不黄,0,6636
硬度不够,不坚,1,8565
睾丸变小,睾丸坠痛,0,9392
射精痛,射精都有很多块,0,12490
龟头上有黑点,龟头上有小白点,1,8290
精液量少,精子像水一样,0,1932
精液有血,精液不液化,0,118
有点红,有点透明,0,5751
龟头有白色分泌物,尿道口有一小圈红,0,4052
睾丸肿大,睾丸疼痛,0,10332
精液有血,精液粘稠,0,137
睾丸有点硬,睾丸特别疼,0,8578
硬度不够,硬度不够硬,1,11414
阴囊痒,下腹下长了个疙瘩,0,9071
尿道口红肿,小便时尿道刺痛,0,6457
小便出血,尿有味,0,15318
阴茎过大,鸡巴太大,1,3531
睾丸扭转,睾丸黏膜脱落,0,10626
不射精,勃起特快,0,3350
阴囊痒,阴囊溃烂?出水,0,3092
精液有异味,精子里面有血,0,7280
尿道流白色液体,尿尿有白色,1,6839
阴茎增粗,阴茎痛,0,2731
龟头上有黑点,龟头不光滑,0,6706
阴茎增粗,阴茎尾损,0,5832
精子有颗粒,果冻装,0,5880
阴茎弯曲,阴茎血管堵塞,0,5599
精子有颗粒,射精很稀,0,5561
粉刺,尿液有白色的东西,0,7147
阴茎增粗,阴茎皮破了,0,14701
阴茎有异味,阴茎短小包皮,0,9622
睾丸变小,睾丸不发育,0,12668
尿浑浊,小便时分叉,0,15965
阴茎扭转,阴茎变长,0,2737
龟头敏感,龟头敏感早泄,1,1392
精子成活率低,精子是黄色,0,6514
精液像果冻,精液白色,0,14009
睾丸痒,睾丸皮脱皮,0,6726
龟头有红斑,龟头有小痘痘,1,7652
尿道口流脓,尿道口有点红肿,0,13641
龟头灼热,阴茎包皮过长,0,9686
尿道口刺痛,尿道有灼热感,0,2799
阴囊有疙瘩,龟头上有一个小红点,0,11513
增生,前列腺肥大排尿困难,0,12051
肉芽,红色的小疙瘩,1,12583
阴茎疼,鸡鸡不硬,0,8308
龟头有小痘痘,龟头有红色斑点,1,6632
溃疡,龟头凉,0,881
精液发黄,精子颜色发黄,1,11086
包皮水肿,包皮也痒,0,7794
睾丸一个大一个小,睾丸特别凉,0,8136
包皮水肿,阴茎变短,0,5994
有点红,有点累,0,12589
小腹坠胀,小腹微胀,1,14899
龟头有红斑,龟头麻木,0,9736
睾丸变小,睾丸有下坠,0,3792
中途疲软,射完就软了,1,3413
睾丸疼,阴囊下坠,0,8638
尿里有泡沫,尿尿偶尔分叉,0,10441
睾丸肿大,睾丸发凉,0,6694
粉刺,白色的点,1,2498
龟头出不来,龟头小会变火,0,2512
尿急,尿尿很少,0,1449
阴茎过大,阴茎发红发痒,0,13264
精液量少,精液土黄色,0,6699
阴茎折断,阴茎坏死,0,842
阴囊红肿,睾丸起皮,0,12238
阴囊发凉,睾丸上有个肉疙瘩,0,8503
下面痒,龟有脱皮,0,1510
睾丸扭转,睾丸外皮松弛,0,5806
睾丸潮湿,睾丸疼,0,13902
中途疲软,勃起不硬射精快无力,0,12135
精液粘稠,精子凉,0,2246
阴茎增粗,阴茎太敏感,0,448
尿分叉,小便时间长,0,6127
龟头有小疙瘩,阴茎发热,0,14427
尿道有点痒,脱皮分泌物,0,11539
龟头发紫,龟头有红色斑点,0,10310
精液量多,精子活力差,0,10432
龟头红肿,阴茎增长,0,5664
睾丸有异味,睾丸发黏,0,7420
龟头有小痘痘,龟头有疙瘩,1,7918
阴茎短小,勃起有点慢,0,272
龟头出血,龟头有皱纹,0,1805
阴茎撕裂,阴茎不勃起,0,2025
龟头出不来,龟头太明感了,0,803
睾丸胀,睾丸涨疼,1,13187
阴囊发凉,睾丸没有下垂,0,5668
阴茎弯曲,阴茎上有小水泡,0,1479
阴茎折断,阴茎很小,0,9033
阴茎扭转,阴茎勃起不够硬,0,12482
尿不尽,尿不带血,0,13901
射精痛,射精射的快,0,10912
记忆力减退,双腿乏力,0,71
精液有血,精液有点黄,0,125
睾丸变小,睾丸偶尔隐痛,0,11800
龟头有颗粒,白色黏液,0,2551
没有以前硬,勃起不够坚挺,0,2513
阴囊脱皮,阴囊会潮湿,0,7413
精液粘稠,精子活力低,0,7034
下体有异味,无异味,0,15244
睾丸肿大,睾丸下坠疼,0,2659
阴茎水肿,阴茎皮痒,0,6956
溃疡,有点想尿,0,14554
龟头脱皮,龟头不够硬,0,7086
增生,前列腺串刺,0,12244
阴囊发凉,睾丸太小,0,9896
龟头出不来,龟头涨涨,0,1023
小便出血,尿尿的时候疼,0,14107
精液有异味,精液红,0,721
精液发黄,精子像水,0,2379
睾丸有点硬,睾丸上有个疙瘩,0,2347
尿量少,尿尿有点不痛快,0,9924
龟头有珍珠疹,龟头软的不射精,0,16102
睾丸萎缩,阴囊肿胀,0,11416
溃疡,有点尿就痛,0,7568
阴囊发凉,蛋蛋朝湿凉凉,1,1590
阴茎增大,阴茎变大,1,11586
阴囊痒,大腿根部瘙痒,1,16047
排尿困难,尿困难,1,13271
龟头痒,龟头特别痒,1,13789
记忆力减退,精神不佳,0,33
记忆力减退,记忆力有点下降,1,54
龟头发紫,龟头红红,1,6918
睾丸萎缩,睾丸发育不良,0,11975
包皮有点长,包皮内侧痒痒,0,5705
钙化,白色异物,0,8988
包皮红肿,包皮上有溃疡,0,15427
尿道有点痒,尿道口有血,0,10292
睾丸胀,睾丸大一个小,0,7071
龟头结痂,龟头有小颗粒,0,8381
精液像果冻,精子像水,0,15574
睾丸疼,睾丸不生精,0,9157
有异味,有点分泌物,0,14233
阴茎增粗,阴茎弯曲,0,394
早射,手摸就想射,1,15703
龟头痒,龟头很疼,0,11700
睾丸肿大,睾丸脱皮,0,4361
龟头灼热,阴茎变短,0,9468
长疙瘩,毒疙瘩,1,3065
尿无力,小便不疼,0,9624
精液像水一样,精子多,0,14847
睾丸变小,睾丸突然疼痛,0,13610
睾丸胀,睾丸槽湿,0,3097
阴囊脱皮,大腿根部疼痛,0,8801
精液量多,射的太快,0,10725
尿多,小便后包皮有点痒,0,3418
射精无力,射精控制不住有,0,12932
睾丸痒,睾丸下坠,0,13647
有异味,有腥味,1,11267
脱皮,外皮破皮,0,13089
龟头有红点,龟头有小红点,1,6070
包皮痒,包皮包住,0,15669
精子有颗粒,射精完了很累,0,4775
龟头敏感,龟头裂口,0,11082
阴茎扭转,阴茎萎缩,0,9242
尿道流白色液体,龟头上老有白色的东西,0,12616
龟头敏感,敏感高,1,11106
硬度不够,勃起比较慢,0,13323
射精痛,射精时疼痛,1,1794
死精,精子里面带血,0,10484
硬度不够,勃起不硬,1,12182
睾丸挫伤,睾丸有点胀痛,0,13933
有异味,异味大,1,2736
囊肿,有点尿就痛,0,3449
射精无力,射精流血,0,15997
包皮红肿,龟头上有点红点,1,2849
阴茎有异味,阴茎长歪,0,12873
尿浑浊,尿尿有氨水味,0,6833
尿量少,射一点点,0,611
阴茎短小,勃起次数少,0,4603
阴囊发凉,睾丸酮分泌失调,0,11943
睾丸扭转,睾丸右边疼,0,924
包皮垢,包皮上有血管,0,4390
尿频,尿尿慢,0,6633
包皮有点长,包皮口变小,0,10365
龟头结痂,龟头有红点,0,2875
龟头充血不足,生殖器萎缩,0,8164
龟头出血,龟头白色分泌物,0,11511
龟头出不来,龟头发白没有血色,0,3004
睾丸胀,睾丸凉凉,0,11218
有点疼,排尿无痛感,0,7030
睾丸有点硬,睾丸有点痛,0,8209
精子成活率低,精子活力低,0,7547
阴茎增粗,阴茎包皮长,0,6155
硬不起来,硬度不够硬,0,12837
睾丸疼,右睾丸肿大,0,12906
死精,精子存活力低,1,3061
龟头出不来,龟头粘连,0,9317
睾丸胀,睾丸一个疼,0,5411
尿道口流脓,尿道口水肿,0,11798
射精出血,性生活不太好,0,1041
阴茎扭转,阴茎细小,0,5681
性欲减退,射精无快感无力,0,1741
包皮水肿,包皮捏起来有很多多余的皮,0,1896
小腹疼,右侧小肚子疼,1,811
包皮红肿,包皮短小,0,15097
龟头出血,龟头上有一个小红点,0,15778
尿痛,小便炽热,0,6783
前列腺疼,前列腺回声欠均,0,12124
龟头红肿,龟头凉,0,15055
睾丸疼,右下腹部疼痛,0,13525
阴茎撕裂,阴茎有些短小,0,11241
睾丸变小,睾丸总是疼,0,7661
龟头红肿,龟头一圈红肿,1,5002
龟头有小痘痘,龟头有些红,0,6447
阴茎增大,阴茎受伤,0,9312
尿有异味,尿道口有白色分泌物,0,14443
尿道口红肿,尿发红,0,9352
龟头红肿,阴茎白斑,0,6807
尿频,尿频腹胀,1,12535
尿不尽,小便有点分叉,0,11648
尿胀,尿尿热,0,13864
龟头红肿,龟头掉皮,0,12863
阴茎过大,阴茎系带处水肿化脓流脓有臭味,0,2691
阴茎增粗,阴茎硬结,0,441
钙化,尿里泡沫,0,3760
尿浑浊,总有尿感,0,7710
阴茎短小,勃起不痛,0,14960
尿分叉,小便后滴血,0,9394
阴茎短小,勃起挺困难,0,5717
阴茎增粗,阴茎静脉受损,0,2295
精子成活率低,精子有点红,0,4767
睾丸有点硬,左侧睾丸隐痛,0,8348
龟头有小疙瘩,阴茎长小疙瘩,1,10128
阴囊痒,阴囊总是潮湿,0,15289
阴茎增大,阴茎不长,0,368
龟头痒,龟头小疙瘩,0,15372
龟头敏感,龟头会痛,0,13923
尿急,小便多次数多,0,7388
尿黄,小便一直发黄,1,15275
尿无力,大便的时候滴白,0,5373
阴茎增大,阴茎很短,0,359
阴茎扭转,阴茎向左歪,1,5652
小腹疼,大腿根疼痛,0,15704
精液发黄,精子流出,0,6756
包皮红肿,龟头有很多红点,1,1713
包皮红肿,龟头上面有不少小嘎子有点红,1,3334
龟头发紫,龟头呈紫色,1,5482
尿浑浊,小便泡沫多,0,4504
阴茎短小,勃起的快,0,8871
阴茎增大,阴茎发育不良,0,327
睾丸潮湿,阴囊阴囊潮湿,1,9007
尿道口红肿,小便无力?刺痛,0,3830
睾丸下垂,睾丸肥大,0,3813
睾丸一个大一个小,睾丸发胀,0,5462
小腹疼,慢性盆腔疼痛,0,7581
尿急,小便有血,0,13405
龟头痒,龟头上长红点,0,9765
早射,射精频繁,0,5971
睾丸扭转,睾丸比较小,0,7005
性欲减退,射精就痛,0,6375
前列腺疼,前列腺钙化斑,0,6866
精子成活率低,精子里面有黑,0,1679
精液有血,精液死精,0,5136
下体有异味,生殖器变大,0,14110
包皮垢,包皮红肿,0,5644
阴茎弯曲,阴茎白斑,0,3815
尿道口红肿,尿道口有点红仲,1,15054
龟头有小痘痘,龟头坏死,0,15499
中途疲软,做爱做着就软了,1,14402
前列腺疼,前列腺轻度增大,0,13673
尿不尽,小便的时候分叉,0,2325
睾丸疼,尿尿时疼痛,0,5483
阴茎增粗,阴茎海绵体受伤,0,3820
有点肿,有点肿胀,1,14202
阴囊脱皮,睾丸有点胀痛,0,4746
阴茎水肿,阴茎勃起有时候很硬,0,10583
尿浑浊,小便的时候有点疼,0,7783
增生,前列腺太硬,0,5943
阴茎有硬块,阴茎无力,0,5078
尿道有点痒,尿道会刺痛,0,7467
有异味,有点儿短,0,4291
睾丸下垂,睾丸不一样大,0,5643
精液发黄,精液红色,0,4324
睾丸挫伤,睾丸特别疼,0,11232
溃疡,有点微痛,0,14753
睾丸挫伤,精索神经疼,0,3439
尿量少,总是想小便,0,7148
睾丸变小,睾丸发育小,1,5241
有点疼,老是起夜,0,5860
精液有血,精子是黄色,0,112
睾丸扭转,睾丸胀,0,8252
睾丸萎缩,睾丸一个高一个低,0,15711
小便出血,小便后有白色的东西,0,4736
尿里有泡沫,尿尿会分叉,0,13851
阴茎有硬块,阴茎有些痒,0,7053
阴茎有异味,阴茎变大,0,8634
尿浑浊,总是想小便,0,10169
包皮红肿,龟头上面有小红点,0,5141
龟头上有黑点,龟头上有疙瘩,1,3222
尿不尽,尿无力尿不尽,1,7092
小便出血,尿尿口痒,0,5602
龟头充血不足,龟头白色垢,0,14890
射精痛,射精无力没快感,0,6160
尿道口刺痛,尿道灼痛,1,4410
长疙瘩,白色疙瘩,1,12554
龟头痒,龟头发白,0,6163
包皮紧,包皮系带短,0,6356
包皮紧,包皮包龟头特别紧,1,16196
龟头有小痘痘,龟头上有许多红点点,1,8803
精液有异味,精液颜色发黑,0,2824
精液像果冻,精子果冻状发黄,1,2945
阴茎撕裂,阴茎充血不足,0,1834
尿不尽,小便尿分叉,0,14207
尿有灼热感,尿尿的时候尿道口特别疼,0,13508
包皮紧,包皮一圈疼,0,3897
尿里有泡沫,老撒尿,0,13577
精子成活率低,精子有点黄,0,10630
有异味,有点无力,0,3036
龟头出血,龟头破皮,0,6771
尿道口流脓,尿痛,0,14977
阴茎扭转,阴茎瘙痒,0,3134
精液像水一样,精液是褐色,0,7633
包皮水肿,阴茎脱皮,0,11408
阴茎扭转,阴茎弯,1,545
死精,精子块状,0,14773
包皮有点长,包皮垢增多,0,6068
尿频,一直痒,0,10006
包皮水肿,包皮上有红点,0,3948
硬度不够,勃起次数少,0,4847
尿量少,尿黄排尿少,1,13012
包皮水肿,包皮有粘连,0,13411
阴茎弯曲,阴茎勃起时龟头不硬,0,1984
尿多,小便尿痛,0,7048
排尿困难,尿尿次数多,0,8584
射精痛,射精很困难,0,10464
阴囊发凉,蛋蛋旁边全是黑毛,0,1033
肾虚,脑供血不足,0,14373
硬不起来,勃起困难硬度不够,1,4573
尿不尽,小便发白,0,3115
龟头有红斑,龟头有白色分泌物,0,1974
射精出血,射精速度快,0,13179
睾丸肿大,睾丸萎缩,0,2308
阴茎增粗,阴茎有异味,0,9744
阴茎有异味,阴茎太粗,0,4210
尿有异味,黄尿,0,1101
尿浑浊,小便是红色的,0,15787
阴茎增大,阴茎头痒,0,333
阴茎短小,勃起一下就皮了,0,4631
龟头出不来,龟头不红,0,2888
脱皮,干皮,0,11361
包皮水肿,包皮里面有红点,0,10722
龟头上有黑点,龟头涨涨,0,3392
精液像水一样,精液黄,0,7786
下体有异味,生殖器有白斑,0,3367
龟头疼,龟头一碰就疼,1,14829
阴茎有异味,阴茎充血,0,9815
射精无力,射精不痛快,0,6663
射精无力,勃起撸三五下就射精,0,11785
睾丸一个大一个小,睾丸皮上长了个疙瘩,0,5557
阴囊肿大,阴囊经常出汗,0,7368
尿等待,排尿慢,1,2735
尿里有泡沫,尿尿的时候也疼,0,1855
尿痛,小便多,0,15348
精液有血,精液稠,0,183
睾丸有点硬,睾丸发黏,0,11643
精液粘稠,精子黄,0,5963
有点肿,有点腹胀,0,13338
尿胀,小便有尿滴白,0,5372
前列腺疼,前列腺轻大,0,1655
尿道有点痒,尿道口发炎,0,11008
精液像水一样,精液跟水一样,1,3651
尿里有泡沫,尿尿不干静,0,4543
龟头敏感,敏感度比较高,1,5368
尿道口流脓,白色的液体流出,0,8205
精液像果冻,精子太稀,0,16152
尿道口流脓,流出黄色的东西,0,11047
阴茎短小,勃起时龟头不硬,0,275
射精无力,射精没有力,1,2407
龟头充血不足,阴茎充血,0,11371
龟头上有黑点,龟头有疙瘩,1,11437
淋巴结肿大,腺管堵塞,0,863
下面痒,大腿根部发黑,0,6695
阴茎折断,阴茎发育短,0,5689
黄色的,有点透明,0,9743
龟头上有黑点,龟头有点疼,0,11665
龟头溃烂,龟头有些溃疡破皮,1,7459
没有晨勃,看片都不硬,0,8128
精子有颗粒,射精时不舒服,0,11563
精液量少,精子有点淡黄色,0,15847
龟头发紫,龟头上有一点红,0,7336
尿有灼热感,有点不举,0,12427
龟头有小疙瘩,阴茎红,0,781
阴茎增大,阴茎太短小,0,5054
阴囊肿大,阴囊有时候会潮湿,0,11324
肾虚,尿动力不足,0,8590
龟头有白色分泌物,尿道流出白色液体,1,3755
精液发黄,精液带血?,0,9766
小腹疼,肚子也疼,1,3784
睾丸扭转,睾丸鹌鹑蛋大小?尿频?憋尿,0,7236
龟头出血,龟头有白带,0,9987
睾丸变小,睾丸不生精,0,1866
龟头红肿,阴茎硬醒了就睡不着,0,3528
龟头疼,龟头发臭,0,1637
阴囊发凉,睾丸发热,0,2036
阴茎短小,勃起时向上弯曲,0,15181
精液有血,精液里带血,1,6736
龟头有珍珠疹,包皮上有小白点,1,3060
阴茎水肿,阴茎变长,0,7447
长疙瘩,小肉刺,1,7515
龟头有白色分泌物,尿道口偶尔有粘液,0,6980
阴茎折断,阴茎变长,0,4652
阴茎撕裂,阴茎歪了,0,5450
精液像水一样,精液是黄色的,0,809
睾丸痒,睾丸肿胀,0,9003
排尿困难,尿尿发红,0,2323
精液有血,精液有果冻样,0,10618
小便出血,小便不净,0,2925
小便出血,小便时有血,1,13992
包皮垢,包皮老痒,0,8806
不射精,射精快??,0,1481
精液有血,精液果冻状,0,12599
没有以前硬,中途有点软,0,10926
阴囊痒,阴囊上有破裂,0,11177
死精,精液味,0,7157
阴茎撕裂,阴茎胀痛,0,15474
射精痛,射精没有以前有力了,0,9531
包皮痒,包皮污垢,0,4496
增生,前列舒乐,0,4353
阴茎过大,jj太大,1,8127
龟头有珍珠疹,龟头出不来,0,7455
阴茎弯曲,阴茎勃起来骚痒痒又短小,0,14155
阴茎增大,阴茎处张了一个豆,0,2762
包皮垢,包皮非常厚,0,1791
包皮痒,包皮太敏感,0,9769
不射精,勃起比较困难,0,14985
阴茎有硬块,阴茎坏死,0,2299
没有以前硬,勃起也无力,0,15803
记忆力减退,腰酸背痛怕冷,0,10773
性欲减退,射精很稀,0,9168
精子成活率低,精液黄,0,4899
有点肿,有点混浊,0,15744
射精出血,全程血精,1,3962
有异味,有点向左歪,0,16228
尿黄,精液不发黄,0,4791
尿道口刺痛,肛门有分泌物,0,7019
有点发炎,有点红??,0,2366
龟头有珍珠疹,龟头有红色斑点,1,1753
睾丸疼,睾丸总疼,1,9902
睾丸潮湿,鬼头下面潮湿,1,11716
龟头灼热,阴茎勃起不够坚硬,0,9461
尿道有点痒,尿完尿刺痛,0,9965
龟头灼热,阴茎勃起来骚痒痒又短小,0,4449
尿痛,小便的时候有白色液体,0,1254
睾丸有点硬,左侧蛋疼,0,8911
包皮垢,包皮红肿发痒,0,8040
睾丸疼,睾丸硬,0,5580
溃疡,有点频繁,0,7167
阴茎弯曲,阴茎就软了,0,4430
小便出血,小便有臭味,0,10200
睾丸挫伤,睾丸有点大,0,6406
有异味,有点褪皮,0,5786
包皮垢,包皮有黄色分泌物,1,3181
红肿,红班红点,1,10998
排尿困难,尿不频,0,8654
尿道口红肿,小便会刺痛,0,11910
尿频,感觉冷,0,7150
龟头有红斑,包皮有小疙瘩,1,3354
尿道口红肿,尿道口有点水肿,1,11824
尿无力,尿急憋不住尿,0,9257
龟头流脓,包皮红肿发痒,0,14040
龟头有珍珠疹,龟头很痒,0,1968
有异味,有点流血,0,10603
龟头结痂,龟头白色,0,750
阴茎有硬块,阴茎酸痛,0,8115
射精痛,射精无力倒,0,6801
包皮红肿,龟头有小点,0,4453
龟头有红点,龟头流水,0,9697
尿不尽,排尿疼痛,0,11673
阴茎水肿,阴茎不爱勃起,0,10927
钙化,黑色的东西,0,10565
阴茎有硬块,阴茎系带过长,0,8083
阴茎短小,勃起出不来,0,14982
射精痛,射精没敢觉,0,11091
阴茎有异味,阴茎不怎么勃起,0,7366
阴茎弯曲,阴茎增长增粗,0,9061
尿频,尿频尿分叉,1,8014
睾丸一个大一个小,睾丸有点肿,0,5645
尿浑浊,小便分叉,0,11391
精液有异味,精子异味,1,3086
阴茎扭转,阴茎充血不足,0,519
射精痛,射精没力气,0,7209
龟头灼热,阴茎黑,0,10581
阴茎短小,勃起一会就软了,0,221
龟头流脓,龟头有异味,0,4907
小腹坠胀,小腹涨排尿少,1,13612
黄色的,特别短,0,5833
尿有异味,尿尿混浊,0,9256
尿道流白色液体,尿尿有白的,0,15825
长疙瘩,白色的痘痘,1,2743
睾丸变小,睾丸硬块,0,9204
射精无力,射精不停,0,10291
尿无力,尿不尽分叉,0,10508
肾虚,胸闷气短,0,5444
记忆力减退,记忆力不好,1,14
精液有血,精液淡黄色,0,1549
射精痛,射精费劲,0,14352
死精,精子变稀,0,10500
尿痛,尿尿有烧灼感,0,12336
早射,发痒想射精,0,9554
粉刺,有颗粒状东西,1,12141
记忆力减退,脱发,0,1334
尿有灼热感,有点红色,0,7832
下面痒,阴囊不痒,0,5923
尿道有点痒,少量分泌物,0,8245
阴茎疼,鸡巴好痛,1,9759
尿多,小便后有血,0,10392
阴茎扭转,阴茎发凉,0,538
肉芽,小小的疙瘩,1,1398
射精出血,性生活过短,0,9160
红肿,生殖器有异味,0,11041
脱皮,鬼头发红,0,10880
尿有灼热感,小便黄,0,5892
睾丸胀,睾丸有灼热感表皮结痂,0,6381
睾丸挫伤,睾丸有点疼痛,0,6277
增生,前列腺大,0,10448
有点发炎,有点粘液,0,4024
龟头流脓,龟头边缘发紫,0,7490
有异味,潮湿异味,1,8981
不射精,没射龟头软,0,11474
阴茎扭转,阴茎有些短小,0,15700
睾丸潮湿,睾丸皮上都要毛,0,15941
睾丸下垂,睾丸下坠痛,1,13096
尿道口刺痛,尿道口分泌物流出,0,15627
睾丸痒,睾丸囊肿???,0,12311
阴茎短小,勃起时龟头不硬,0,5569
睾丸潮湿,睾丸硬,0,2081
阴囊痒,大腿根部有小拇指指甲盖大小的硬块,0,9537
阴茎增大,阴茎发臭,0,11971
硬不起来,老硬不起来,1,4198
精液粘稠,精子很浓,1,12769
睾丸扭转,睾丸疼?,0,4701
阴茎短小,做爱中途疲软,0,11741
尿不尽,尿痛,0,12848
记忆力减退,四肢发抖无力,0,44
龟头发紫,龟头发青,1,10359
精液像水一样,精子比较稀,1,14677
阴囊发凉,睾丸变小,0,5106
睾丸有点硬,睾丸用手一捏就疼,0,11196
尿胀,小便有白带,0,7736
肉芽,小肉点,1,4166
阴囊红肿,睾丸右下边疼,0,5773
精液像水一样,精液很臭,0,10081
阴茎增粗,阴茎小了,0,9977
射精无力,射精出不来,0,8647
阴茎弯曲,阴茎左偏,0,12534
钙化,尿液味道特别重,0,5919
尿道口红肿,尿道口有脓,0,11046
溃疡,有点歪,0,10086
小腹坠胀,有乏力,0,15007
不射精,无法正常勃起,0,11011
小肉球,一个肉刺,1,3111
阴囊脱皮,睾丸疼痛,0,5685
睾丸扭转,睾丸正常都下垂,0,6689
早射,放进去就射了,1,15907
粉刺,白色泌物,0,8904
睾丸胀,睾丸坠胀,1,6675
红肿,生殖器血管破裂,0,15366
尿失禁,小便泡沫多,0,10938
排尿困难,感射不出来,0,10346
小腹坠胀,小腹不坠涨,0,6443
阴茎增粗,阴茎变长,0,410
龟头有白色分泌物,尿道口不适,0,6069
阴茎增粗,阴茎弯,0,447
龟头出不来,龟头发氧,0,15251
精液像果冻,精液带黄色,0,8234
阴茎疼,阴茎头痒,0,3912
精液量少,精子成块状,0,3042
阴茎扭转,阴茎勃起不给力,0,7904
性欲减退,射精不够硬,0,14397
尿多,小便热,0,1291
硬度不够,勃起也很快,0,6010
阴囊肿大,阴囊出汗,0,10948
睾丸一个大一个小,睾丸一阵一阵疼,0,4997
睾丸变小,睾丸好疼,0,6669
睾丸胀,睾丸有点涨痛,1,13173
龟头疼,龟头有时插阴道软,0,5310
尿量少,黑点点,0,702
阴茎短小,勃起硬度也不行,0,5710
肉芽,筋疙瘩,1,711
龟头有颗粒,乳白色的东西,0,10124
尿里有泡沫,小便没有血,0,15297
阴茎扭转,阴茎异常勃起,0,3871
死精,精子果冻块,0,1754
包皮红肿,龟头发红,1,2003
尿里有泡沫,小便分岔,0,7062
包皮痒,包皮有点疼,0,12355
龟头有小痘痘,龟头上褶皱,0,14945
阴囊发凉,睾丸下坠疼,0,7854
性欲减退,射精不痛,0,8312
性欲减退,抽插时间短,0,3117
阴茎增粗,阴茎不是很硬,0,488
阴茎疼,小弟弟有点小,0,6683
尿多,小便一直是黄色的,0,3403
阴茎扭转,阴茎增长,0,13655
包皮红肿,龟头有点儿痒,0,10671
尿道流白色液体,尿尿时排出乳白色渣子,1,2340
脱皮,红肿痒痒,0,12757
睾丸有点硬,阴囊一大一小,0,12387
精液量多,精子想水,0,9032
龟头有红斑,包皮裂口,0,8738
长疙瘩,小白斑,1,7203
阴茎增大,阴茎起不来,0,3444
小肉球,有个小疙瘩,1,2160
溃疡,龟头发紫,0,3264
精子成活率低,精子是淡黄色,0,11111
睾丸胀,睾丸腾,0,6772
龟头脱皮,龟头上有水泡,0,14071
尿里有泡沫,尿尿很疼,0,1620
龟头结痂,龟头有点儿痒,0,12370
尿频,牵拉的感觉,0,1015
精液有异味,精液混浊,0,819
睾丸一个大一个小,睾丸那里疼,0,3603
尿道口红肿,尿道口刺痛,0,8791
前列腺疼,前列腺增大,0,5528
尿道流白色液体,尿胆红素,0,10990
龟头灼热,阴茎不起,0,3692
小肉球,软疙瘩,1,11286
阴囊痒,阴囊一大一小,0,605
记忆力减退,脱发,0,6
龟头有红斑,龟头凉凉,0,10878
睾丸下垂,睾丸隐隐痛,0,1401
尿失禁,小便刺疼,0,14549
精液有血,精子颗粒状,0,155
精液量多,精子呈黄色,0,3949
阴茎折断,阴茎有点肿,0,10505
阴囊痒,阴囊凉,0,14968
射精无力,射精无力快,1,14751
龟头灼热,阴茎短,0,10708
阴茎过大,阴茎勃起时弯曲,0,2985
尿急,小便分岔,0,3901
有点疼,有一点点痛,1,11570
龟头疼,龟头起红点,0,8874
睾丸胀,睾丸有些疼,0,10047
中途疲软,鸡鸡就软了,1,10824
小腹疼,左下腹疼痛,1,4094
睾丸有点硬,睾丸疼阴茎疼痒,0,13419
尿等待,小便尿不尽,0,15425
阴囊脱皮,睾丸凉,0,8683
腰酸乏力,小腹胀胀,0,1928
尿不尽,憋不住小便,0,14249
有点红,有点尿不净,0,8596
小便出血,小便时流白色的,0,6629
阴茎有异味,阴茎勃起疼痛,0,14633
尿频,刺痒感觉,0,8991
龟头流脓,龟头有点痒,0,6166
龟头出不来,龟头不坚挺皮软,0,8406
精液有异味,精液有果冻,0,3791
小肉球,一个小红包,1,13210
包皮红肿,包皮粘连,0,4546
精液有血,精子数量少,0,14197
精液量少,精子畸形率过高,0,9884
龟头敏感,龟头又大又硬,0,13664
记忆力减退,睡眠不好,0,97
阴茎增粗,阴茎有些痒,0,2924
尿量少,汗特别多,0,1765
硬度不够,勃起不坚射精无力,1,7457
尿道流白色液体,尿尿很臭,0,7608
龟头有珍珠疹,龟头有小痘痘,1,14089
下体有异味,尿异味,0,8167
龟头红肿,阴茎痒,0,2804
精液粘稠,尿出精子,0,15270
精子有颗粒,射精酸痛,0,11649
红肿,大腿根瘙痒,0,15287
溃疡,有点浓,0,7180
囊肿,有点刺痒,0,15906
尿频,感觉很快,0,6588
睾丸萎缩,睾丸提一下有个小包,0,5521
排尿困难,尿不出来,1,9000
中途疲软,硬度不够中途疲软,1,10019
小腹坠胀,双腿乏力,0,1132
睾丸肿大,睾丸痛,0,10605
精子有颗粒,射精无快感了??,0,8185
阴茎短小,勃起龟不硬,0,3513
钙化,尿有泡沫,0,5052
尿道有点痒,一点儿分泌物,0,1513
阴茎增粗,阴茎勃不起,0,428
包皮水肿,包皮严重肿痛,1,3254
有点发炎,有点异味,0,1240
精子成活率低,精子清,0,15618
尿多,小便次数特别多,1,8563
尿有灼热感,有点小红点,0,4163
阴茎扭转,阴茎有点弯,1,523
尿胀,小便后滴血,0,3405
阴囊发凉,睾丸右边疼,0,14410
溃疡,龟头红痒,0,14681
阴茎扭转,阴茎尿尿会疼,0,12347
睾丸肿大,睾丸发热,0,9972
睾丸变小,睾丸有小疙瘩,0,10805
性欲减退,射精有一次带血,0,2377
睾丸有点硬,左侧睾丸有点大,0,2960
有点肿,有点上火,0,708
睾丸潮湿,阴囊痛,0,2139
射精无力,射精后出血,0,13103
小肉球,有好多小疙瘩,1,13099
射精出血,性生活没有,0,11252
尿道口红肿,尿道小便时灼热感,0,6362
钙化,白白的东西,0,4647
粉刺,白色点,1,5400
睾丸潮湿,无潮湿,0,14815
阴茎弯曲,阴茎有点痒,0,12978
射精无力,射精子快,0,12995
精液有血,尿里带血,0,15435
肾虚,恶心,0,7154
睾丸有异味,睾丸一边大一边小,0,8292
包皮痒,包皮脱皮,0,13385
尿分叉,小便也不疼,0,8137
龟头有红点,阴茎长歪,0,14384
溃疡,龟头脱皮,0,11610
尿黄,小便有泡沫,0,8461
死精,精液没味,0,14859
死精,弱精,0,11750
龟头灼热,阴茎包皮裂口,0,11704
睾丸萎缩,睾丸酸,0,13309
射精出血,无法进行性生活,0,1572
阴茎增粗,阴茎向右弯曲,0,15606
睾丸有点硬,睾丸有硬块,1,5494
睾丸下垂,阴囊下垂,1,11638
没有以前硬,硬度不是很好,1,1136
龟头有红点,阴茎歪了,0,9419
红肿,小鸡鸡瘙痒,0,1779
没有以前硬,中途软,0,10084
阴茎折断,阴茎快速增大,0,5933
射精无力,射精像果冻,0,8266
睾丸挫伤,睾丸两侧发痒,0,14363
尿道有点痒,尿道灼痛,0,5708
黄色的,有点像果冻,0,10233
硬度不够,勃起硬度不够硬,1,4838
尿道口流脓,龟头有分泌物,0,676
睾丸胀,睾丸下面痒,0,5630
阴囊红肿,睾丸特别小,0,5897
龟头出血,龟头下面一圈肉,0,12547
阴茎扭转,阴茎静脉漏,0,12653
精液量多,没硬就射了,0,1145
龟头脱皮,阴茎瘙痒,0,13025
尿道口流脓,尿道口发炎,0,5472
尿有异味,尿道瘙痒,0,6935
性欲减退,射精以后痛,0,596
尿道口刺痛,小便时疼痛,0,11532
阴茎水肿,阴茎充血,0,15721
精液像水一样,精液不液化,0,4369
射精无力,勃起刺激就想射精,0,6363
精子成活率低,精液也少,0,15196
龟头敏感,龟头太过于敏感,1,5010
龟头有颗粒,白色混浊,0,10837
尿黄,小便快,0,7438
包皮有点长,包皮裂口,0,8197
阴囊脱皮,腹股沟潮湿,0,12399
性欲减退,射精越来越快,0,5013
硬度不够,勃起不坚渤起困难,1,8018
尿失禁,小便便血,0,8087
睾丸有异味,"睾丸襄,肿",0,14962
红肿,痒??周围有点脱皮,0,3687
龟头脱皮,龟头发臭,0,6323
龟头有小疙瘩,阴茎长水泡,1,5970
龟头结痂,龟头老发炎,0,8383
精子成活率低,精液很粘稠,0,10743
睾丸萎缩,阴囊疼,0,8422
硬不起来,勃起时龟头不硬,1,3807
包皮痒,包皮也过长,0,7233
尿无力,小便后还会滴水,0,15672
睾丸潮湿,睾丸受伤,0,5172
阴茎水肿,阴茎粗大,0,2819
阴囊发凉,睾丸红,0,9342
阴茎过大,阴茎小了,0,5565
龟头有颗粒,小便一直是黄色的,0,16096
睾丸一个大一个小,睾丸没有下垂,0,8310
射精痛,尿管疼痛,0,9843
小腹坠胀,小腹经常痛,0,5243
精液有血,精子带血,1,126
手脚冰凉,掉头发?,0,4582
睾丸一个大一个小,睾丸有异味,0,7496
阴茎扭转,阴茎勃起不够坚硬,0,9001
睾丸挫伤,睾丸搞完疼,0,15431
红肿,阴囊外皮瘙痒,0,13192
射精无力,抽插时间短,0,10040
阴囊发凉,蛋蛋一大一小,0,13516
龟头有珍珠疹,龟头有点红点,1,4735
尿量少,上厕所就痛,0,12409
睾丸痒,睾丸酮流失,0,6657
包皮有点长,龟头有一片红,0,2613
长疙瘩,长了个肉疙瘩,1,679
龟头有小痘痘,阴茎上面有红点,1,8176
阴茎过大,阴茎不硬,0,6347
阴茎增大,阴茎短,0,10147
龟头脱皮,龟头下面一圈肉,0,10381
没有以前硬,勃起不慢,0,8900
阴茎过大,阴茎会痒,0,9269
前列腺疼,?前列腺肿胀,0,6460
虚汗,浑身没劲儿,0,3934
包皮紧,包皮还长,0,6485
精液量少,精子成活率底少精症,0,11266
龟头脱皮,龟头表面有点红,0,1970
腰酸乏力,腰酸腿酸,1,2279
有点疼,特疼,1,8410
粉刺,白色的痘痘,1,4684
有点发炎,有点味,0,13035
龟头红肿,阴茎软,0,14420
不射精,勃起一会儿就软了,0,11401
阴茎有异味,阴茎长了个疙瘩,0,8019
龟头有红斑,龟头痒痒,0,12875
阴茎弯曲,阴茎根部痒,0,4625
尿道口红肿,尿道也会疼,0,6844
龟头有红点,龟头就黄浓,0,12749
精液有血,精液像水一样,0,131
睾丸疼,左睾丸疼痛,1,2576
阴茎撕裂,阴茎短小包皮,0,2516
溃疡,有点尿不完,0,8854
尿胀,尿尿有臭味,0,2211
记忆力减退,腰疼记忆力下降,1,79
阴茎撕裂,阴茎包皮过长,0,9981
包皮水肿,包皮里面有异味,0,6569
阴囊肿大,大腿根疼痛,0,1695
有异味,有点黑,0,11928
阴茎水肿,小鸡鸡发红,0,12785
阴茎疼,鸡巴老大,0,6404
没有以前硬,阴茎勃不起来,0,12472
阴囊红肿,睾丸上有个肉疙瘩,0,4765
没有以前硬,硬度不好,1,12283
尿急,小便有点血,0,9696
包皮痒,包皮发紧,0,2818
龟头结痂,龟头流脓,0,4917
龟头灼热,阴茎经常勃起,0,8537
腰酸乏力,小腹不涨,0,12023
阴茎增大,阴茎特别短小,1,14895
小便出血,肾挫伤血尿,1,2956
尿黄,小便的时候疼,0,4595
硬不起来,一开始就硬不起来,1,7091
阴茎增粗,阴茎肿,0,14292
阴茎增粗,阴茎硬龟头不硬,0,2380
包皮紧,包皮口小粘连,0,6836
阴茎折断,阴茎麻木,0,2037
小腹疼,左边睾丸疼痛,0,11305
尿有灼热感,有点频繁,0,9156
龟头红肿,龟头涨涨,1,3425
包皮痒,包皮口变大,0,8630
射精无力,尿量不多,0,3632
早射,几下就想射了,1,9155
龟头结痂,龟头流血,0,1131
射精痛,射精有些无力,0,10454
精液有异味,小便黄有异味,0,11255
包皮有点长,龟头白色,0,8513
龟头痒,龟头太大,0,12070
尿胀,尿尿时有点刺痛,0,7795
射精痛,射精后没快感,0,3437
睾丸萎缩,阴囊发红发痒,0,10971
龟头结痂,龟头上褶皱,0,12147
睾丸萎缩,阴囊发凉,0,2859
龟头敏感,敏感神经太多,1,12531
虚汗,脱发,0,14430
龟头痒,龟头有红肿,0,7531
包皮有点长,龟头出过血,0,7119
尿道有点痒,尿道口下裂,0,9393
溃疡,有点过长,0,2640
没有晨勃,早上不硬,0,2288
不孕,不能硬,0,8814
龟头有颗粒,黄色的液体,0,12571
钙化,排尿疼,0,4617
睾丸下垂,睾丸有下坠,1,7149
阴茎增粗,阴茎特别小,0,480
包皮水肿,包皮口狭窄小,0,10049
龟头红肿,阴茎硬结,0,14001
阴茎有异味,阴茎发育不良,0,647
精液像水一样,精液的味道,0,14042
阴茎增粗,阴茎破皮,0,466
包皮水肿,包皮长,0,13958
尿等待,尿不黄,0,6810
排尿困难,尿费劲,1,780
没有以前硬,勃起不射精,0,12245
灼热,灼痛,1,14774
精子有颗粒,泌淋颗粒,0,4417
钙化,白色的斑,0,11272
精子成活率低,精液还很稀,0,6592
龟头有白色分泌物,白色的污垢,0,15833
脱皮,褪皮,1,9638
阴茎撕裂,阴茎根部痒,0,3753
尿里有泡沫,撒尿时疼,0,1786
肉芽,紫色的疙瘩,1,14013
精液有血,精液暗红色,1,166
阴茎短小,勃起了也不硬,0,10378
长疙瘩,小红泡,1,9069
射精出血,射精会痛,0,4621
记忆力减退,盗汗?,0,50
有异味,有点虚,0,5016
尿急,小便尿道痛,0,1823
龟头发紫,龟头发痒,0,7971
龟头有小疙瘩,龟头有水泡,1,10146
龟头上有黑点,龟头上有一片红,0,10498
脱皮,生殖器官变大,0,6499
龟头出血,龟头包皮,0,7248
龟头溃烂,龟头起小红点,0,10578
尿等待,尿频尿分叉,0,14370
阴茎折断,海绵体疼,0,1841
尿无力,小便后滴血,0,8533
精液有血,精子出血,1,15044
阴茎撕裂,阴茎回缩,0,14952
龟头发紫,龟头红肿,1,8579
溃疡,有点变小,0,12595
小腹疼,小腹左侧疼,1,13066
尿不尽,尿不白,0,7341
龟头溃烂,龟头上起红点,0,14711
尿急,小便不疼,0,13964
龟头有红点,阴茎上起了个疙瘩,1,4619
阴茎增粗,阴茎越来越小,0,423
睾丸萎缩,睾丸发黏,0,10355
粉刺,白色垢,0,3422
尿多,尿尿有血,0,4219
有点红,有点往下坠,0,11093
小肉球,有一个疙瘩,1,13943
尿失禁,小便有点出血,0,9293
尿分叉,小便有点黄,0,15291
尿痛,小便发黄有异味,0,2449
有点肿,红肿疼,1,1183
阴囊红肿,睾丸发黏,0,2844
龟头有红点,阴茎太细,0,3039
龟头有红斑,龟头有珍珠疹,1,8202
阴茎撕裂,阴茎有疙瘩,0,11228
包皮紧,包皮长了四五个紫红泡,0,14967
肉芽,小痘,1,5872
龟头痒,龟头有一块红,0,12357
睾丸胀,睾丸里有个疙瘩,0,13008
排尿困难,小便有味,0,2255
睾丸萎缩,睾丸下坠,0,5568
龟头敏感,敏感度低,0,10087
尿有灼热感,有点涨,0,12446
包皮痒,龟头发红,0,8059
精液粘稠,精子呈果冻状,0,11735
尿有异味,小便黄异味大阴嚷潮湿外阴瘙痒,1,7075
阴茎过大,阴茎出血,0,10076
不射精,性生活时间长,0,4740
龟头上有黑点,龟头有红疙瘩,1,2826
没有以前硬,勃起是不硬,0,1423
死精,精子发黄不液化,0,13784
精液有血,精液发黑,0,151
龟头有红点,龟头一圈红肿,0,4614
阴茎增大,阴茎会缩小,1,12663
龟头出血,龟头潮湿,0,13604
龟头灼热,阴茎插不进去,0,3947
睾丸萎缩,阴囊红肿,0,6717
长疙瘩,红色小疙瘩,1,5448
睾丸胀,睾丸肿胀疼痛,1,7951
包皮痒,包皮疼痒,1,13420
睾丸一个大一个小,睾丸坏死,0,8972
尿有异味,小便疼痛,0,6921
小肉球,血泡,1,16147
包皮痒,包皮口有裂口,0,12809
尿黄,晨尿发黄,1,14024
睾丸下垂,蛋蛋肿大,0,4813
精子成活率低,精液不粘稠,0,10375
睾丸潮湿,睾丸太小,0,15170
睾丸扭转,睾丸刺痛,0,9888
精液粘稠,精液变稀,0,15443
红肿,下体瘙痒,0,15981
睾丸疼,大腿内侧疼痛,0,10574
精液像果冻,精液是果冻状,1,13004
睾丸肿大,睾丸皮黑紫,0,15790
龟头敏感,龟头太敏感,1,14807
腰酸乏力,小腹经常痛,0,3325
睾丸变小,睾丸很凉,0,9140
阴茎有硬块,阴茎比较短,0,2590
小便出血,小便一直是黄色的,0,14081
包皮水肿,包皮肿胀,1,769
精子成活率低,精子很浓,0,7834
尿多,小便有血,0,6135
尿道口红肿,尿道口经常流白色液体,0,10030
睾丸挫伤,睾丸根部痒,0,1097
溃疡,有点胖,0,16142
尿不尽,尿不净,1,8888
腰酸乏力,腰有时候酸痛,1,13702
阴茎增大,阴茎不够硬,0,345
射精无力,射精无快感无力,1,7037
虚汗,出汗???特别爱出汗,1,2578
肥大,前列腺太硬,0,15204
龟头溃烂,龟头不肿,0,1663
精液像水一样,精液变成咖啡色了,0,2573
精液量少,精液不粘稠,0,11883
有点发炎,有点水肿,0,2806
钙化,尿液有血色,0,3397
包皮水肿,包皮肿了,1,16212
手脚冰凉,?耳鸣手脚冰凉,1,12820
阴茎增大,阴茎瘙的痒痒,0,16136
钙化,小便有泡泡,0,1343
龟头结痂,阴茎上面有红点,0,1575
尿无力,小便时尿道疼,0,4612
虚汗,浑身没劲,0,11560
腰酸乏力,射完精后浑身无力,0,6008
包皮痒,包皮特征,0,15513
尿黄,尿尿很黄,1,2326
睾丸疼,睾丸有个小疙瘩,0,7525
死精,精子很稀像水,0,15724
尿浑浊,尿尿有味,0,2174
尿分叉,小便很少,0,9338
龟头灼热,阴茎又大又粗又硬又粉红,0,1248
硬度不够,勃起很快,0,6059
硬不起来,还不硬,0,2404
射精出血,射精时间过长,0,8007
腰酸乏力,小肚子不舒服,0,11633
阴茎弯曲,阴茎硬结,0,5882
下面痒,大腿内侧发红,0,13569
龟头有红斑,龟头上长痘痘,1,15709
没有晨勃,?不硬,0,14330
龟头上有黑点,龟头长小红点,1,3801
包皮红肿,包皮肿了,1,12334
硬不起来,性生活的时候硬不起来,1,6898
硬度不够,勃起一会儿就软,0,12713
下面痒,大腿根部发红,0,15461
尿多,小便时有点疼,0,4078
硬不起来,硬不起了,1,4241
阴囊脱皮,阴囊有时会潮湿,0,1043
龟头有红斑,龟头起红点,1,5328
睾丸一个大一个小,睾丸上有小疙瘩,0,14074
包皮痒,包皮上有小口子,0,6920
囊肿,有点发红,0,9991
输精管缺如,输精管狭窄,0,15165
尿道口刺痛,尿道有白色液体,0,9637
有点疼,隐隐疼痛,1,7513
脱皮,皮肤瘙痒,0,6880
龟头有红点,龟头底下红红,1,13367
阴茎弯曲,阴茎勃起下弯,1,5251
尿道有点痒,尿道管痒,1,14417
肾虚,睡觉出虚汗,0,15753
阴茎撕裂,阴茎总是勃起,0,3261
尿道口红肿,尿道灼烧感,0,15568
尿道口刺痛,尿道口红外翻,0,9381
尿不尽,尿不来,0,14415
阴茎增大,阴茎就软了,0,5488
阴茎增粗,阴茎没有以前硬了,0,7897
尿痛,尿尿都疼,1,16117
精子成活率低,精液化不良,0,14381
尿频,感觉痛,0,15974
阴茎水肿,阴茎勃起慢,0,6941
阴茎短小,勃起有困难,0,245
尿胀,小便尿不尽,0,10386
睾丸潮湿,阴囊上有很多小点点,0,3019
性欲减退,提不起精神,0,1144
龟头脱皮,龟头大,0,3915
尿里有泡沫,小便有分叉,0,2755
阴茎增大,阴茎红痒,0,353
龟头脱皮,龟头流脓,0,9329
阴茎撕裂,阴茎弯,0,12687
尿分叉,尿尿少,0,7956
阴茎过大,阴茎长痘,0,8269
记忆力减退,四肢无力,0,10
阴茎短小,勃起不坚中途疲软,0,10000
尿频,感觉快感不如以前,0,7435
睾丸痒,睾丸附近阵阵疼,0,11151
射精痛,射精量很大,0,14772
龟头有珍珠疹,龟头上面有小红点,1,4321
下体有异味,股癣有异味,1,13937
精液粘稠,精子结节,0,5130
尿有灼热感,尿热,1,13031
中途疲软,孙子软了,0,8295
阴囊脱皮,睾丸破裂,0,3081
龟头溃烂,龟头痒,0,11602
钙化,絮状物,0,4618
龟头有小痘痘,龟头肿,0,759
性欲减退,射精无力?乏力,0,1951
龟头灼热,阴茎太敏感,0,2984
脱皮,红肿痒,0,4891
硬度不够,勃起不射精,0,11309
没有以前硬,勃起不持久,0,7540
阴茎过大,阴茎短,0,7324
红肿,生殖器畸形,0,4852
黄色的,有点早射,0,7140
尿胀,小便想一个劲得解解得少,0,15365
射精痛,射精没有感觉,0,11791
龟头充血不足,肾阳不足,0,15826
射精无力,射精时间太长,0,8862
睾丸肿大,睾丸张疙瘩,0,9811
阴茎折断,阴茎裂口,0,14276
精液有血,精液是土黄色,0,10022
精子成活率低,精液过少,0,15156
溃疡,龟头上有小白点,0,4503
阴囊脱皮,阴囊比较潮湿,0,14702
尿无力,小便慢,0,6860
射精痛,小腹疼痛,0,6904
小便出血,尿尿也不疼,0,7768
肉芽,长了一颗小痘痘,1,7284
龟头流脓,龟头明感,0,9348
龟头敏感,龟头敏感太强,1,11942
阴茎短小,勃起没那么硬,0,13298
尿有异味,黄绿色分泌物,0,10928
有异味,有点发白,0,11430
龟头有小疙瘩,阴茎上有粉刺,1,14522
尿失禁,小便无力,0,7765
睾丸一个大一个小,睾丸就疼,0,13021
睾丸潮湿,睾丸下面潮湿,0,9718
尿黄,尿尿有灼烧感,0,2228
红肿,红肿脱皮,1,3419
阴茎过大,阴茎变长,0,1954
尿道有点痒,尿道口刺痛,0,3661
睾丸疼,睾丸有积液,0,14186
小肉球,火疙瘩,1,14400
睾丸潮湿,阴囊痒脱皮,0,11243
龟头流脓,龟头就黄浓,1,733
龟头充血不足,阴茎海绵体受伤,0,15765
睾丸扭转,睾丸发红,0,4211
有异味,有点血丝,0,11575
阴茎撕裂,阴茎勃起不给力,0,13034
龟头溃烂,龟头还有点疼,0,10538
尿不尽,睡前尿不尽,1,7239
肉芽,长了一个红疙瘩,1,15983
脱皮,潮湿发痒,0,938
阴茎增大,阴茎珠,0,383
有点疼,老是头晕,0,1723
有点肿,有点红黄色,0,3324
记忆力减退,多梦记忆力下降,1,35
硬不起来,勃起时间也短,0,11032
精子有颗粒,射精无快感?,0,1536
龟头有红斑,龟头有白色物体,1,11758
尿道口刺痛,小便疼痛,1,13400
精液像水一样,精液很多,0,6444
包皮紧,包皮严重肿痛,0,2825
包皮垢,包皮过长??,0,14889
精子有颗粒,射精有红色,0,2753
睾丸疼,睾丸发红,0,10589
龟头出血,龟头漏不出来,0,1709
性欲减退,射精无力无快感,0,13801
阴茎扭转,阴茎能增大,0,526
肉芽,长了个大包,1,12087
下体有异味,生殖器痛,0,10132
硬度不够,勃起费劲,0,11021
性欲减退,射精挺快,0,13492
龟头有小疙瘩,阴茎有点疼,0,10296
阴茎疼,阴茎太细,0,10931
阴茎有异味,阴茎变小,0,14981
精液有血,精子出现红色,1,163
尿无力,小便等待,0,5574
精液有血,精液也少,0,192
龟头结痂,龟头很红,0,9594
尿胀,小便时出血,0,12898
尿黄,小便完疼痛,0,10891
包皮紧,包皮内庠,0,4796
尿黄,尿道口有黄色液体,0,16077
脱皮,脱皮干裂,1,3144
龟头上有黑点,鬼头起皮,0,10636
龟头有水泡,鸡巴长痘痘,1,14795
尿道口刺痛,尿道口有息肉,0,16124
睾丸下垂,右侧睾丸肿大,0,1027
龟头结痂,龟头裂口,0,16009
阴茎扭转,阴茎变小,0,3009
尿多,小便时有点痒,0,13973
尿急,控制不住射的太快,0,12454
睾丸胀,睾丸隐疼,0,15076
性欲减退,不能射,0,6031
尿道口刺痛,撒尿尿道刺痛,1,813
睾丸挫伤,睾丸比以前小了,0,14204
尿失禁,小便不利,0,7188
有点红,有一点痒,0,1286
尿道流白色液体,尿里有潜血,0,12007
尿等待,尿频?尿等待尿不尽尿分叉,1,616
阴茎有硬块,阴茎硬龟头不硬,1,4348
小便出血,尿尿起泡,0,11691
尿道有点痒,尿道口侧面有浓,0,6922
龟头灼热,阴茎硬醒了就睡不着,0,5168
包皮红肿,龟头起皮,0,8438
睾丸潮湿,睾丸下垂,0,12020
龟头有红点,龟头有酥麻感,0,3296
尿有灼热感,有点小红点子,0,15849
阴茎折断,阴茎上有小痘痘,0,8995
睾丸潮湿,阴囊很痒,0,1318
尿痛,小便有血,0,5868
睾丸有异味,阴道有异味,0,5335
没有以前硬,勃起缓慢?中路疲软?硬度不坚,0,15594
龟头疼,龟头有两个红点,0,1166
龟头发紫,龟头上小红点,0,10287
阴茎增粗,阴茎包皮肿,0,2440
龟头疼,阴茎根部瘙痒,0,6482
精液有异味,精液有黄颗粒,0,8523
睾丸萎缩,阴囊有积水,0,13826
精液发黄,精子比较黄,1,11636
阴囊有疙瘩,阴囊发痒,0,7520
下体有异味,生殖器不爱硬,0,12975
小肉球,红点??疙瘩,1,6191
阴茎短小,勃起不射,0,7503
龟头有红点,阴茎一直不硬,0,4649
龟头红肿,阴茎发烫,0,11550
龟头流脓,龟头还有点疼,0,7404
尿里有泡沫,尿尿少,0,7462
阴囊肿大,阴囊有些潮湿,0,12761
睾丸一个大一个小,睾丸坠胀,0,13760
尿量少,尿尿会分叉,0,13763
尿量少,老是有尿意,0,11720
尿有灼热感,有点冷,0,9756
囊肿,有点微疼,0,3193
脱皮,发红水肿,0,6229
阴茎疼,阴茎太长,0,7560
尿无力,尿尿急,0,11365
钙化,尿里面有泡沫,0,13383
包皮红肿,包皮出现裂口,0,14869
下面痒,有点白,0,3342
龟头有小痘痘,龟头老发炎,0,13665
尿里有泡沫,尿尿的时候还疼,0,7251
阴茎增粗,阴茎小,0,398
硬度不够,勃起时间特别短,0,7580
硬度不够,硬度不如从前,1,1837
精液量少,精液里有果冻状,0,1404
排尿困难,总感觉想尿尿,0,1612
尿无力,小便次数特别多,0,12517
精液量多,精子畸形率过高,0,13911
包皮红肿,包皮有裂痕,0,814
记忆力减退,记忆力差,1,58
阴茎短小,勃起了不射精,0,11861
尿有灼热感,有点不硬,0,12067
尿有灼热感,有点胀,0,10426
睾丸肿大,睾丸一侧疼,0,9595
龟头充血不足,龟头小会变火,0,6837
尿失禁,小便潜血,0,15771
睾丸有点硬,睾丸提一下有个小包,0,11136
精液有异味,精子颗粒物,0,11123
阴茎水肿,阴茎敏感度高,0,4110
长疙瘩,红班红点,1,4718
龟头脱皮,龟头有点小,0,11901
龟头灼热,阴茎不勃,0,15358
阴茎增大,阴茎粗大,0,1430
小肉球,绿豆大的疙瘩,1,12817
小便出血,小便时候疼,0,1563
肾虚,精神压力大,0,11033
包皮水肿,包皮里面痒,0,9581
阴茎有硬块,阴茎瘙痒,0,9258
睾丸痒,睾丸一边大一边小,0,5391
射精痛,腹疼痛,0,16131
龟头溃烂,龟头上长红点,0,6577
尿道口红肿,尿道口有流脓,0,6011
龟头发紫,龟头充血,1,11476
阴茎撕裂,阴茎下表皮发红疼痛,0,2719
尿道口流脓,白色的透明,0,11482
没有以前硬,硬起来硬度不够,1,3023
有异味,有点红黄色,0,1476
肉芽,白豆豆,1,12501
腰酸乏力,腰酸腰疼,0,3822
龟头发紫,龟头白色,1,1361
阴囊有疙瘩,包皮有小疙瘩,0,13028
尿多,小便时出血,0,13194
硬不起来,想做都硬不起来,1,5638
包皮紧,包皮有一圈水肿,0,10160
尿有异味,小便快,0,5797
阴囊痒,睾丸皮脱皮,0,13178
睾丸扭转,睾丸往下坠,0,10746
尿多,小便会疼,0,11263
阴茎增粗,阴茎冰凉,0,486
尿多,小便有点混浊,0,15222
小肉球,长了个米粒一样的小疙瘩,1,9226
虚汗,虚汗多梦,1,13294
阴茎有异味,阴茎会缩短,0,15069
射精出血,晨尿出血,0,8837
包皮红肿,龟头泛白,1,3189
尿无力,小便时刺痛,0,6805
睾丸肿大,睾丸会痛,0,11854
睾丸肿大,睾丸不一样大,0,3971
精子成活率低,精子特别多,0,3027
精液有异味,阴囊有异味,0,2947
阴茎水肿,阴茎勃走来10分钟软了,0,8036
硬度不够,勃起困难硬度不够,1,7800
硬不起来,中途疲劳,0,1206
脱皮,大腿内侧瘙痒,0,7686
钙化,尿液发黄?尿,0,5118
龟头疼,龟头会痒,0,2179
精液粘稠,精子密度低,0,12692
尿里有泡沫,小便有点不舒服,0,6242
性欲减退,射精特别少,0,3823
包皮垢,包皮流血,0,12538
尿道口刺痛,尿道流脓,0,1685
增生,前列腺有点帐痛感,0,4256
精液粘稠,精子成颗粒状,0,6325
阴茎有硬块,阴茎非常短小,0,10316
精液量少,精子是黄色,0,5064
小便出血,小便次数有点多,0,14849
尿分叉,小便会痛,0,7876
精子有颗粒,射精没有以前有力了,0,9099
龟头发紫,龟头上长痘痘,0,9841
包皮垢,龟皮垢,1,9720
阴茎扭转,阴茎水肿,0,524
灼热,轻微刺痛,0,14282
龟头有白色分泌物,龟头有分泌物,1,1787
阴茎短小,中途会疲软,0,10001
有异味,有点硬块,0,14131
阴茎有硬块,阴茎硬了,0,15934
包皮有点长,包皮有些肿,0,12647
阴茎增大,阴茎勃起不行,0,8508
龟头疼,龟头有点歪,0,9096
龟头出血,龟头过敏,0,1522
龟头有红斑,阴茎上面有红点,1,3880
包皮紧,包皮发炎,0,3973
阴茎增粗,阴茎头痒,0,446
射精无力,射精无感,0,8141
睾丸潮湿,睾丸附近阵阵疼,0,15268
龟头充血不足,感觉敏感,0,8231
中途疲软,做爱就软了,1,2848
睾丸潮湿,睾丸左边大,0,7337
阴囊发凉,睾丸就疼,0,10974
有点发炎,有点骚痒,0,15637
龟头有珍珠疹,龟头有白点,1,11335
精液量少,精液很稀,0,12836
精子成活率低,精子呈黄色,0,2451
小腹坠胀,小腹尿憋的慌,0,3589
虚汗,出盗汗,1,13848
尿急,尿尿疼,0,6261
尿分叉,小便的时候有点痛,0,9354
包皮紧,包皮痛,0,9742
睾丸潮湿,阴囊有点潮湿,1,14203
包皮水肿,包皮垢太多,0,9963
阴囊痒,大腿内侧长了个包,0,2507
尿不尽,尿频?尿急,0,10534
死精,畸形高,0,6220
龟头灼热,阴茎阴囊发凉,0,9443
睾丸疼,睾丸上长了个疙瘩,0,9758
阴茎折断,阴茎龟头敏感,0,2083
精液发黄,精子有点发黄,1,5781
没有晨勃,没有精,0,2757
精液粘稠,精子畸形高,0,13862
硬不起来,勃起8厘米,0,15708
膀胱胀,输尿管疼痛,0,1095
包皮紧,包皮口有个小红点,0,13477
小腹疼,睪丸疼痛,0,1619
尿有灼热感,有点发红,0,7274
龟头出不来,龟头流黄脓小便有灼烧感,0,16224
硬度不够,勃起不是特别坚挺,1,8987
射精无力,射精带有浅红色,0,9680
阴茎扭转,阴茎上涨痘痘,0,13627
有异味,有点想吐,0,12030
睾丸一个大一个小,睾丸特别疼,0,849
下体有异味,生殖器很热,0,6962
包皮垢,包皮开裂,0,4783
射精出血,性生活较短,0,3843
早射,射完精就软了,0,9135
尿痛,小便不小便都疼,1,13626
龟头有颗粒,白色渣,0,7655
尿里有泡沫,小便尿道口疼,0,15063
阴茎增大,阴茎发烫,0,16010
尿道有点痒,尿道口痒痒,1,14374
小腹疼,小腹有点胀,0,16036
龟头有小疙瘩,龟头呈紫色,0,14231
有点发炎,有点血丝,0,14731
包皮红肿,包皮有些肿,1,14627
早射,抽插几下就软了,1,11283
下体有异味,小便有异味,0,13097
包皮水肿,包皮红了,0,6403
尿有灼热感,有点儿肿,0,2936
没有以前硬,硬度不强,0,9927
阴茎过大,阴茎潮湿,0,2273
阴茎过大,阴茎里边疼,0,12832
龟头发紫,龟头发红脱皮,1,6834
龟头出血,龟头有点红,0,13855
性欲减退,射精又快,0,2930
睾丸疼,右边小腹疼痛,0,8175
龟头出不来,龟头有味,0,14076
中途疲软,坐着坐着就不硬了,1,13560
精液像果冻,颗粒物,0,11251
包皮紧,包皮裂开,0,14288
精液发黄,精液有点黄,1,13409
下面痒,龟头起红点,0,10592
尿有灼热感,有点下垂,0,15779
尿等待,尿频尿急倒,0,15320
小肉球,小肉,1,9164
龟头有红点,阴茎刺痛,0,5536
睾丸变小,睾丸下垂有肉下垂,0,4586
没有以前硬,勃起硬度不行,1,5757
精液有血,精液黄色,0,122
阴茎折断,阴茎蚤痒痒胀,0,4635
尿胀,小便绿色,0,12467
精子成活率低,精液多稠,0,3965
硬不起来,勃起不疼,0,3918
龟头红肿,龟头软软,0,6823
睾丸变小,睾丸下坠松弛,0,7102
睾丸潮湿,睾丸一侧疼,0,968
尿无力,尿频尿多,0,6868
睾丸胀,睾丸偏小,0,10889
不射精,勃起功能不好,0,11161
睾丸变小,睾丸会痛,0,4440
睾丸胀,睾丸痛,0,16072
阴茎增粗,阴茎海绵体损伤,0,413
长疙瘩,起了一个小疙瘩,1,4561
龟头流脓,龟头瘙痒红肿,0,10970
包皮水肿,包皮上有溃疡,0,3788
阴茎过大,阴茎有点肿,0,14525
尿道流白色液体,肌酐高,0,3346
阴茎扭转,阴茎又大又粗又红又硬,0,13499
虚汗,浑身发软,0,12911
肾虚,精神状态不好,1,4039
尿有异味,包皮红肿有异味,0,6187
尿等待,尿的黄,0,3594
阴茎增大,阴茎发炎,0,391
尿频,想到性爱就会有尿尿的感觉,0,3642
粉刺,头皮屑,0,1785
尿等待,尿频?尿不尽,0,3179
龟头有珍珠疹,龟头粘连,0,8527
龟头灼热,阴茎勃不起来又短小,0,7472
尿频,尿频老反服,1,6945
小便出血,小便没劲,0,7111
阴茎折断,阴茎勃起不硬,0,3321
阴茎扭转,阴茎过大,0,4092
阴囊红肿,睾丸有点潮湿,0,6405
有点发炎,有点遗精,0,2814
包皮痒,包皮有点长????,0,8899
精液有血,精液粉红色,1,1972
阴茎过大,阴茎发育不良,0,4204
虚汗,经常出虚汗,1,8841
尿等待,尿分杈,0,16125
小便出血,小便疼,0,8768
早射,自动射精,0,9865
龟头结痂,龟头有黑斑,0,15301
阴茎增粗,阴茎不够硬,0,460
尿急,接触就射精,0,5671
包皮垢,包皮颗粒,1,13821
阴茎撕裂,阴茎不坚,0,7065
龟头疼,龟头有红斑,0,12667
尿道口流脓,尿道不适,0,7245
龟头有红点,龟头有红斑,1,5344
性欲减退,射精后腰酸,0,12453
尿浑浊,小便会痛,0,13469
尿多,老是上厕所小便,1,3683
龟头发紫,龟头有一片片红点,1,12831
腰酸乏力,阴不舒服,0,11129
尿有灼热感,有点小,0,15850
精液粘稠,精子很希,0,10172
睾丸痒,睾丸有下坠,0,13146
长疙瘩,小红疙瘩,1,14856
包皮有点长,龟头发青,0,1759
尿不尽,一丁点尿意,0,3436
阴茎增粗,阴茎充血不足,0,420
有点肿,右侧肿大,1,7759
龟头出不来,龟头有小点,0,12854
尿胀,小便不尽,0,9119
龟头脱皮,龟头还有点疼,0,4170
睾丸一个大一个小,睾丸水肿,0,2815
射精出血,反感性生活,0,9868
阴茎过大,阴茎流水,0,5422
包皮红肿,包皮有红斑,1,8823
阴茎增大,阴茎软,0,320
小便出血,拉暗红色血尿,1,1089
龟头有珍珠疹,龟头有白色物体,1,9897
射精无力,射精是果冻,0,12448
阴囊有疙瘩,阴囊两侧很痒,0,10862
长疙瘩,起小红点,1,6209
阴茎水肿,小鸡小,0,2333
小便出血,尿有点红,1,7945
龟头疼,龟头发黑,0,3351
精液有血,尿总是发黄,0,2598
龟头出血,阴茎有点痒,0,12192
尿急,尿尿费劲,0,7010
记忆力减退,头晕无力,0,14763
下面痒,下面发痒,1,6278
钙化,小便红色,0,11417
睾丸扭转,睾丸很疼,0,2976
龟头有红斑,龟头有一块红,1,4133
射精无力,射精有力,0,14183
精液有异味,精液黄,0,2713
龟头充血不足,海绵体收缩,0,13172
射精痛,射精有果冻状,0,674
尿道口刺痛,尿尿的刺痛,1,8437
阴茎过大,阴茎不勃起,0,9360
不射精,射精有快感,0,913
包皮痒,包皮非常厚,0,13849
睾丸肿大,睾丸坠胀,1,1186
睾丸萎缩,睾丸比较小,1,4413
尿里有泡沫,小便都疼,0,9650
龟头有颗粒,尿是白色的,0,6906
尿急,小便有点分叉,0,13315
下面痒,下部瘙痒,1,5383
阴茎增粗,阴茎太长,0,456
阴茎增大,阴茎上起皮,0,12708
阴茎折断,龟头神经损害,0,14709
尿有灼热感,有点胀气,0,15355
尿道流白色液体,尿完偶尔有液体,0,13351
尿不尽,尿尿偶尔分叉,0,8561
有点发炎,有点透明,0,9764
阴茎水肿,阴茎海绵体受伤,0,9683
阴茎水肿,阴茎增粗增长,0,5629
龟头溃烂,龟头变大,0,6344
龟头发紫,龟头出脓,0,15839
睾丸有异味,睾丸硬块,0,861
没有以前硬,硬度不是很硬,1,14031
小腹坠胀,腰酸背疼╯▂╰阴囊潮湿,0,2055
中途疲软,中途疲劳,1,11587
肉芽,小豆豆,1,4591
阴茎疼,鸡吧短,0,7409
早射,插进去动几下就想射,1,15132
睾丸有异味,睾丸有下坠,0,13874
性欲减退,射精之后疼,0,2891
阴茎弯曲,阴茎太细,0,12695
阴茎有异味,阴茎发肿,0,10394
龟头有红点,龟头边缘发紫,1,13205
精液有血,精子成果冻状,0,4434
尿频,尿频尿急尿分叉???,1,14275
龟头有白色分泌物,尿道口有黄色液体,0,15345
包皮红肿,龟头有白带,0,2686
精液有血,精液稀少,0,1191
红肿,起了很多红点,1,10400
龟头红肿,阴茎根部痒,0,14266
精液粘稠,精子很黄,0,3628
阴茎增粗,阴茎包皮裂口,0,2013
龟头发紫,龟头泛白,1,10686
精液像水一样,精液有黑颗粒,0,10530
小肉球,小肉点,1,14045
黄色的,切有点黄,1,6112
阴茎短小,勃起不坚挺,0,2399
包皮痒,包皮内有白色污垢,0,10439
尿道流白色液体,尿道有点痒,0,16016
龟头有红斑,龟头老软,0,11332
尿量少,尿尿的时候痛,0,3893
尿多,尿尿的时候有血,0,7430
尿道口流脓,白的分泌物,0,3315
尿分叉,尿不急,0,15871
钙化,白色透明,0,12617
睾丸变小,睾丸左边小右边大,0,9654
射精无力,射精快??持久性不长???小弟弟不够大,0,3287
龟头有白色分泌物,尿道有些疼,0,954
有点红,有点软,0,10898
睾丸有点硬,睾丸有小疙瘩,0,11752
睾丸扭转,睾丸变硬,0,15808
射精无力,线管堵塞,0,11358
尿无力,小便还疼,0,1558
龟头溃烂,龟头有点脱皮,0,15596
有异味,有点困,0,9942
尿道口刺痛,尿道分泌物,0,11193
包皮紧,包皮短了,0,4941
精液量少,精子里有果冻状颗粒,0,6217
射精出血,性生活会出血,0,12463
睾丸肿大,睾丸越来越小,0,3374
中途疲软,一戴套就软了,1,9401
龟头有红斑,龟头潮湿,0,10222
睾丸挫伤,睾丸发红,0,3335
睾丸变小,睾丸一阵一阵疼,0,15293
阴茎水肿,小鸡鸡小了,0,5611
不射精,生活时间短,0,6022
龟头有红点,阴茎胀痛,0,14483
尿道流白色液体,小便的时候有白色液体,1,9733
龟头有小痘痘,龟头爱软,0,15651
包皮痒,包皮红肿,0,10758
龟头流脓,龟头起小红点,0,5508
睾丸胀,睾丸有时疼痛,0,1161
阴茎增粗,阴茎胀痛,0,4538
黄色的,尿尿发红,0,8479
精液有异味,精液金黄色,0,14117
阴茎疼,阴劲小,0,14664
精液粘稠,精液差,0,15393
尿黄,小便有点痛,0,10418
龟头有珍珠疹,龟头脱皮,0,728
睾丸肿大,睾丸提一下有个小包,0,4228
包皮有点长,龟头上的白色垢,0,15127
囊肿,有点发紫,0,9188
阴茎撕裂,脊髓损伤,0,14026
精液量多,不到十分钟就射了,0,10571
尿黄,尿尿红色,0,12942
睾丸萎缩,睾丸疼肿痛,0,2239
阴茎短小,勃起时间也短,0,10098
早射,二分钟就射精,1,6505
尿有灼热感,有点浑浊,0,12113
精液发黄,精子低,0,11760
有点疼,灼热刺痛,1,12325
睾丸挫伤,睾丸起白皮,0,15120
龟头有红点,龟头溃疡,0,1852
阴囊有疙瘩,龟头小痘痘,0,11929
龟头有小疙瘩,龟头有疙瘩,1,13511
有点疼,隐约疼痛,1,3078
精子有颗粒,射精也少,0,6950
有点发炎,有点儿肿,0,10188
龟头出血,龟头发红脱皮,0,879
睾丸胀,睾丸硬,0,14451
尿道口流脓,白色凸起,0,3102
包皮痒,包皮溃疡洗澡时红?龟头也红,0,6590
包皮水肿,包皮里有污垢,0,5263
龟头发紫,龟头干燥,0,10415
尿浑浊,尿里有泡沫,0,3571
龟头溃烂,龟头溃疡,1,11534
小肉球,小肉包,1,10118
手脚冰凉,冬天手脚冰凉,1,15820
小便出血,小便黄有异味,0,1720
尿失禁,小便增多,0,7532
溃疡,有点红小红嘎子,0,4249
龟头有红斑,龟头臭,0,15153
睾丸有点硬,睾丸偶尔疼,0,12884
睾丸扭转,睾丸会疼,0,6924
精液粘稠,精子想水,0,14067
记忆力减退,易疲劳,0,7443
阴茎疼,阴茎不长,0,11917
肉芽,豆豆,1,8705
小便出血,尿尿少,0,6753
阴茎扭转,阴茎变大变粗,0,6309
记忆力减退,没精力,0,38
阴茎增大,阴茎头发红,0,14194
包皮痒,包皮垢一大堆,0,13342
精液有血,精子?是黄色,0,10255
灼热,发烫,1,5991
尿道有点痒,尿道口红肿疼痛,0,10491
性欲减退,射精后无精流出,0,1234
尿道口流脓,起白色的皮,0,6247
尿黄,尿液是黄色,1,15195
粉刺,白色特痒,0,8917
尿道口红肿,尿道口狭窄,0,13914
睾丸胀,睾丸老是疼,0,1828
记忆力减退,精神不好,0,17
睾丸变小,睾丸下垂,0,13769
龟头溃烂,龟头有点红肿,0,8954
精液有血,精液偏黄,0,130
精液有异味,精液有果冻样,0,7511
硬度不够,勃起不如以前,1,5756
尿急,尿尿也不疼,0,6004
睾丸肿大,睾丸松弛,0,9250
尿不尽,尿不静,1,9433
精液量多,精子活为低,0,15816
精液量多,精液特别少,0,7286
包皮有点长,龟头不能碰,0,3234
阴茎增大,阴茎变短,0,310
睾丸一个大一个小,睾丸钙化,0,11620
尿道有点痒,小便时刺痛,0,665
龟头流脓,龟头有小痘痘,0,11955
精液像水一样,精子一粒粒,0,4933
尿浑浊,尿尿时有点刺痛,0,6580
精液有血,精液里面有果冻,0,5726
睾丸一个大一个小,蛋蛋肿大,1,13458
中途疲软,阴茎硬度不够,1,5875
阴茎增粗,阴茎勃起龟头不硬,0,5143
龟头结痂,阴茎有异味,0,13049
硬度不够,勃起硬度不够射精快,1,9332
精液有血,精液很少,0,9641
阴茎增大,阴茎粗,0,381
尿频,撒尿疼,0,3879
睾丸一个大一个小,"睾丸襄,肿",0,15185
有点肿,有点浑浊,0,11018
阴茎有异味,阴茎缩小,0,700
精液发黄,精液里全是血,0,2044
睾丸潮湿,睾丸上有个疙瘩,0,8672
尿无力,小便小,0,2532
尿有灼热感,有一点痒,0,5040
龟头出不来,龟头还疼,0,9213
阴茎短小,勃起也没那么硬,0,11274
睾丸变小,睾丸老是疼,0,3999
龟头疼,龟头有白带,0,6099
睾丸痒,睾丸皮破了,0,862
尿道流白色液体,有白色物体,0,14508
阴茎短小,勃起比较困难,0,274
尿等待,尿痛?分叉,0,7660
龟头有珍珠疹,龟头发红,0,11747
黄色的,有点水肿,0,8730
射精出血,性生活不好,0,9137
尿量少,小便多点,0,9952
尿道口刺痛,龟头有少量分泌物,0,9585
睾丸胀,睾丸张疙瘩,0,9167
精液像水一样,精子特别多,0,14488
睾丸疼,睾丸疼痛,1,14864
尿有灼热感,有点红肿,0,8729
阴茎有异味,阴茎萎缩,0,3839
精液粘稠,精子成块,0,15249
长疙瘩,红色疙瘩,1,4318
尿多,小便后滴血,0,9471
尿胀,小便上面老疼,0,6970
精液量多,精子活动低,0,10045
尿浑浊,小便有点发红,0,2571
前列腺疼,前列腺肥大伴钙化,0,14970
红肿,红肿疼痛,1,7302
尿道口红肿,小便灼热,0,5046
不射精,勃起疼,0,15576
射精出血,全程有血,0,10338
龟头出不来,龟头剥皮,1,8230
尿道口红肿,烧灼感,0,6770
溃疡,有点失眠,0,10989
阴囊脱皮,睾丸发凉,0,14903
阴茎扭转,阴茎皮肤厚,0,8856
记忆力减退,腰酸没力,0,84
肉芽,起小包,1,10156
记忆力减退,体虚,0,37
尿胀,小便后有血,0,11645
尿痛,小便刺痛带血,1,8265
尿胀,尿尿有氨水味,0,13636
阴囊脱皮,大腿内侧红肿,0,9584
阴茎疼,阴茎潮湿,0,5239
包皮有点长,包皮疼,0,3561
有点红,有点出水,0,14684
精子有颗粒,射精特慢,0,12382
睾丸痒,睾丸起皮,0,4854
龟头上有黑点,龟头起疙瘩,1,15764
精液量少,精子有血,0,8125
睾丸下垂,睾丸隐隐作痛,0,8227
溃疡,有点儿短,0,6664
腰酸乏力,小腹涨疼,0,12602
尿等待,老想尿,0,11116
精液量少,精液黄色,0,12830
尿浑浊,尿尿红色,0,14122
阴茎增粗,阴茎根部痒,0,453
尿胀,尿尿都疼,0,7076
肾虚,心脏供血不足,0,6254
精子有颗粒,射精痛射精无力无快感,0,10490
龟头有珍珠疹,龟头里面疼,0,9041
睾丸有异味,小弟弟疼痛,0,7067
龟头出不来,龟头下面疼,0,14312
包皮水肿,包皮里有白色东西,0,1225
龟头发紫,龟头过敏,0,16049
睾丸挫伤,睾丸皮黑,0,11574
肾虚,冬天手脚冰凉,0,11933
包皮痒,包皮上长痘痘,0,7558
脱皮,生殖器不痒,0,5978
增生,前列腺尿频,0,2425
龟头流脓,龟头有一片红,0,8945
尿胀,小便次数增多,0,2320
精液量少,精子一样,0,6892
龟头痒,龟头白色分泌物,0,13548
射精出血,射精黄色,0,13033
尿胀,小便有点热,0,9464
龟头有白色分泌物,尿道不疼,0,8628
龟头有珍珠疹,龟头上有一片红,0,1996
龟头敏感,龟头没有感觉,0,14964
尿分叉,尿尿有点黄,0,9506
溃疡,有点凸起,0,3221
精液有异味,精液红色,0,16217
龟头有红点,龟头泛白,1,13372
增生,前列腺肥大排尿费劲,0,15545
龟头痒,龟头肿了,0,7968
阴茎折断,阴茎变大,0,16225
睾丸疼,睾丸肿胀疼痛,1,7058
小肉球,小白色疙瘩,1,7823
龟头痒,龟头上有白点点,0,9383
溃疡,有点带黄,0,13798
龟头有红点,阴茎弯曲矫,0,5837
尿痛,尿尿分岔,0,3940
尿道口刺痛,尿道口损伤,0,4965
尿痛,撒尿疼,1,7021
阴茎撕裂,阴茎长疙瘩,0,3132
阴茎折断,阴茎有味道,0,14565
腰酸乏力,右手无力,0,14166
尿无力,小便突然尿血,0,6995
脱皮,生殖器溃疡,0,1744
阴茎增大,阴茎尿尿会疼,0,801
龟头有红斑,龟头红点,1,4336
精液有异味,精液黄黄,0,2162
龟头上有黑点,阴茎上长了一个小疙瘩,1,11879
尿多,小便尿不出,0,10741
肉芽,小红疹子,1,4865
有异味,有点微痛,0,8268
有点发炎,有点儿疼,0,8201
睾丸潮湿,阴囊发热,0,14873
有点发炎,有点微疼,0,14467
灼热,尿道口发红,0,11040
龟头有红斑,龟头粘连,0,2917
阴茎弯曲,阴茎短,0,10867
精液有异味,精液没有精子,0,12784
虚汗,头晕恶心,0,8522
早射,射精不频繁,0,14726
睾丸一个大一个小,睾丸左侧曲张,0,9671
龟头发紫,鬼头软绵绵的,0,6478
尿频,尿尿也疼,0,3739
龟头痒,龟头会痒,1,14109
尿道口流脓,尿道口痛,0,10089
龟头有白色分泌物,尿道口流出,0,7725
龟头痒,龟头上有点红,0,6969
龟头有小痘痘,龟头有红斑,1,7220
阴囊痒,龟头红肿瘙痒,0,812
腰酸乏力,浑身不舒服,0,14775
龟头溃烂,龟头爱软,0,11276
睾丸下垂,睾丸还疼,0,2331
出血,留了一点血,1,12544
龟头有白色分泌物,尿道口没有分泌物,0,14656
阴茎短小,勃起不行,0,207
包皮红肿,包皮溃疡,0,3377
龟头溃烂,龟头就疼,0,1152
有点疼,老是软,0,15927
龟头有小痘痘,龟头掉皮,0,1491
阴茎有异味,阴茎特别硬,0,3090
龟头有红点,阴茎弯,0,725
腰酸乏力,右下腹痛,0,13710
尿无力,小便时间长,0,14469
尿量少,很少做梦,0,14703
尿有异味,小便也不疼,0,12676
龟头敏感,鬼头敏感,1,12812
阴囊发凉,附睾囊肿,0,6174
阴茎过大,阴茎尾损,0,12569
龟头溃烂,龟头流血,0,2364
尿道口流脓,龟头上老有白色的东西,0,6383
龟头流脓,龟头有点发红,0,8126
尿道有点痒,尿道里面痒,1,12100
龟头灼热,阴茎能增长,0,15286
包皮紧,包皮肿了,0,2913
小腹疼,肚子疼痛,1,7635
睾丸有异味,睾丸痒痒,0,3022
睾丸扭转,睾丸左边肿大,0,6202
睾丸下垂,睾丸坠胀,1,12524
阴茎有异味,阴茎憋胀,0,8273
尿分叉,尿尿会刺痛感觉尿不净,0,8674
龟头有红点,龟头小红点,1,4084
精液发黄,精液里面有果冻,0,2725
阴囊肿大,阴囊积水,0,2803
阴茎有异味,阴茎头痒,0,2495
龟头有小痘痘,龟头肿大,0,13512
有点红,有点坚而不久,0,1611
龟头结痂,龟头有白的,0,3993
阴茎短小,勃起行有时怎么不勃起,0,9310
尿道流白色液体,尿检红细胞高,0,5818
小肉球,一个大包,1,1250
睾丸变小,"睾丸襄,肿",0,3735
尿黄,尿尿有味,0,6916
阴茎疼,阴茎不硬,0,11333
阴茎扭转,阴茎痛,0,508
精液有血,精液红色,1,15109
精液粘稠,精子特别少,0,12496
尿痛,尿尿有泡沫,0,10561
小便出血,尿尿也疼,0,13301
精液粘稠,精子有块状,0,6074
射精痛,射精时痛,1,14215
龟头敏感,龟头有敏感,1,14668
精液量多,精子跟果冻,0,16020
睾丸一个大一个小,睾丸大一个小,1,5608
睾丸一个大一个小,睾丸伤,0,1339
精子成活率低,精子活动率低,0,9874
尿道流白色液体,龟头冒乳白色液体,0,14177
睾丸一个大一个小,睾丸皮痒痒,0,3077
睾丸有点硬,睾丸皮破了,0,14416
射精无力,射精太频繁,0,5467
龟头灼热,阴茎老钟不能外翻,0,3673
尿等待,尿频尿急阴囊潮湿,0,15267
龟头脱皮,龟头上有红疹,0,4863
红肿,生殖器长痘,0,8858
龟头疼,龟头发红脱皮,0,14660
包皮紧,包皮有白色小豆豆,0,6150
精子成活率低,精液活力低,0,8833
尿等待,排尿的时候疼,0,9176
龟头有颗粒,白色粘稠状,0,2104
龟头流脓,龟头骚痒,0,14388
龟头发紫,龟头有酥麻感,0,4436
龟头结痂,龟头软软,0,1295
阴茎有异味,阴茎海绵体受伤,0,15909
睾丸有点硬,睾丸酮软膏,0,6829
阴茎增粗,阴茎勃起不好,0,465
尿频,感觉不到疼,0,8651
龟头敏感,龟头开裂,0,7600
阴茎增大,阴茎弯曲,0,298
红肿,瘙痒疼痛,0,2149
尿无力,尿尿尿不尽,0,2879
阴茎短小,勃起不硬,0,198
钙化,白色的疙瘩,0,5673
阴茎增大,阴茎突然软了,0,8309
睾丸有点硬,左睾丸有点疼痛,0,8660
精液有异味,精子稀少,0,8389
肉芽,白色疙瘩,1,7785
尿黄,精液有果冻状,0,9778
死精,精子成活率低?,0,15902
尿道流白色液体,流黄脓,0,15890
脱皮,干燥脱皮,1,5412
精液像果冻,精子有点黄色,0,12071
包皮垢,潮湿有异味,0,13346
尿不尽,尿不长,0,3939
阴茎增粗,阴茎有点弯,0,424
黄色的,颜色有点黄,1,7699
睾丸变小,屁股湿,0,2423
龟头有白色分泌物,尿道内疼痛,0,15088
排尿困难,?排尿困难,1,15479
龟头发紫,龟头流脓,0,9049
精液像果冻,精子发黄不液化,0,5449
有异味,有点儿疼,0,5879
硬不起来,勃起就疼,0,5907
肉芽,个软的肉疙瘩,1,5980
包皮垢,龟头有白色分泌物,1,10789
龟头有小痘痘,龟头有红点痒,1,10466
死精,精子有点黄,0,10680
出血,血丝,1,12950
睾丸潮湿,睾丸隐隐作痛,0,9752
尿多,小便也疼,0,5826
阴茎短小,勃起不硬,0,13043
性欲减退,射精很困难,0,16130
小腹疼,左侧睾丸有点疼,0,4386
龟头出不来,龟头特别痒,0,12999
龟头有白色分泌物,烧灼感,0,4247
有点发炎,有点痛,0,6036
阴茎增大,阴茎头长小鸽豆还洋洋,0,9721
溃疡,有点虚,0,4793
尿胀,小便有点频繁,0,2134
龟头有红斑,龟头发黑,0,11034
睾丸胀,睾丸间质细胞瘤?器官充血急性肿大,1,13517
阴茎增大,阴茎敏感精子尿液,0,15681
不射精,勃起下降,0,11652
包皮有点长,包皮上有个泡,0,1384
尿失禁,尿潴留,0,6019
溃疡,龟头有小疙瘩,0,9930
龟头疼,龟头老发炎,0,9956
龟头充血不足,阴茎静脉血管损伤,0,1171
阴茎水肿,阴茎长小疙瘩,0,2392
尿失禁,小便后还会滴水,0,3200
黄色的,特别上火,0,1906
包皮垢,包皮中下痒,0,2254
睾丸萎缩,睾丸酸坠,0,1219
阴茎疼,鸡巴疼,1,7319
龟头灼热,阴茎敏感度高,0,7028
没有以前硬,勃起不太好,0,8143
精液有异味,精子活力低,0,4798
睾丸胀,睾丸上有硬块,0,14784
阴囊脱皮,阴囊冰凉,0,7297
虚汗,出汗比较多,1,10052
淋巴结肿大,淋巴管堵塞,0,12732
阴茎扭转,阴茎很小,0,518
尿道口流脓,白色分必物,0,5473
精液有血,精液突然变少,0,7193
精液发黄,精子里面有黑,0,12429
尿道口流脓,白色发黄,0,3759
射精出血,尿管出血,0,7196
阴茎扭转,阴茎不长,0,2742
有点红,发红瘙痒,0,4944
精液量少,精子成活率低?,0,3920
阴囊发凉,睾丸涨痛,0,1960
包皮红肿,龟头有点红肿,1,5729
精液粘稠,精子少射的还快,0,5105
睾丸胀,睾丸有点胀痛,1,16050
尿痛,小便发臭,0,6288
长疙瘩,小小的痘痘,1,15389
龟头上有黑点,龟头流血,0,891
尿痛,小便有臭味,0,2628
睾丸变小,蛋蛋里有个疙瘩,0,6331
包皮水肿,包皮垢变多,0,12871
尿量少,尿的时候疼,0,2648
龟头溃烂,龟头上有红疹子,0,8509
睾丸有异味,睾丸肿痛,0,13609
龟头脱皮,龟头粘连,0,3106
尿里有泡沫,尿尿发黄,0,14234
尿急,小便有点痛,0,16171
龟头出血,龟头特别痒,0,9425
记忆力减退,腰膝酸痛,0,46
粉刺,白色分必物,0,5532
阴茎疼,阴茎过短,0,16028
龟头出不来,龟头有点歪,0,11927
龟头上有黑点,龟头麻木,0,6101
龟头红肿,阴茎长了个疙瘩,0,4153
射精出血,性生活了?没事,0,13696
精液粘稠,精子稀如水,0,14843
尿不尽,尿频??尿等待,0,6987
尿道有点痒,尿道口长个豆豆,0,10031
尿道口刺痛,尿道有点灼热,0,3030
尿里有泡沫,尿尿痛,0,16014
阴茎过大,阴茎上流血,0,13481
尿道流白色液体,根部留黄色液体,0,12431
龟头红肿,龟头会痛,0,5024
红肿,生殖器有弯,0,6258
龟头有红斑,龟头上有点红,1,11863
阴囊有疙瘩,鞷丸上有疙瘩,1,4748
阴茎增粗,阴茎尿尿会疼,0,5632
射精出血,性生活很频繁,0,9611
龟头有水泡,龟头上长痘痘,1,9773
龟头溃烂,龟头小红点,0,4690
睾丸疼,尿尿疼痛,0,3256
精液量少,精子畸形,0,6489
阴茎扭转,阴茎没有以前硬了,0,15512
包皮水肿,包皮水泡,1,5284
性欲减退,射精时痛,0,13531
肥大,游离前列腺抗原0.01,0,1929
尿浑浊,小便尿道疼,0,5566
龟头出血,龟头发白,0,1863
排尿困难,老想上厕所小便,0,4194
阴囊有疙瘩,阴囊不潮,0,8223
阴茎疼,鸡鸡有点短,0,822
尿道流白色液体,阴茎流白色液体,0,6996
睾丸下垂,睾丸皮上都要毛,0,6226
阴囊有疙瘩,龟头起了几个红点,0,15465
囊肿,有点微肿,0,2135
阴茎有异味,阴茎上涨痘痘,0,15716
不射精,没动几下就射了,0,6712
睾丸变小,睾丸过小,0,11604
阴囊脱皮,大腿根潮湿,0,11014
小腹坠胀,腰乏力,0,2772
阴茎弯曲,阴茎系带处水肿化脓流脓有臭味,0,2627
阴囊有疙瘩,龟头上有小疙瘩,0,13037
龟头有小疙瘩,龟头上有两个肉疙瘩,1,14137
尿道流白色液体,小便后流出精液,0,12384
阴茎疼,小鸡小,0,13389
小肉球,很小的红疙瘩,1,6964
脱皮,生殖器不硬,0,2450
睾丸萎缩,阴囊长疙瘩,0,13527
精液像水一样,精液微黄,0,10963
精液像果冻,精液希,0,16071
精液量少,精液有点少,1,689
龟头上有黑点,龟头疼,0,7156
红肿,生殖器痒,0,13575
尿无力,小便有点热,0,2652
龟头出不来,龟头太软,0,7177
睾丸痒,睾丸硬块,0,5641
龟头有红点,阴茎憋胀,0,8921
尿黄,尿尿发红,0,11887
小肉球,起小包,1,2839
精液量少,精液没以前浓,0,6966
尿道有点痒,尿道有点灼热,0,14601
小肉球,一个小水泡,1,4049
阴茎疼,阴茎有点短小,0,4940
龟头有白色分泌物,脓液流出,0,5255
龟头红肿,龟头干燥,0,4810
尿失禁,小便绿色,0,12560
记忆力减退,身体无力,0,2019
尿道有点痒,尿道口偶尔有粘液,0,2186
精液量少,精液射不出,0,12112
下面痒,有点高,0,7123
龟头有珍珠疹,龟头臭,0,6367
下面痒,脱皮发白,0,1639
性欲减退,射精没有痛痛,0,4437
肉芽,长个痘痘,1,13507
龟头溃烂,龟头有疙瘩,0,683
阴茎扭转,阴茎非常短小,0,1149
有点红,有点骚痒,0,12856
睾丸下垂,阴囊左侧有积液,0,5389
硬不起来,硬不起來,1,12779
长疙瘩,皮肤出现小红点,1,9017
手脚冰凉,下肢怕冷,0,8884
龟头有水泡,龟头上有红疙瘩,1,3345
阴茎折断,阴茎上起了个疙瘩,0,10853
包皮紧,包皮垢又容易多,0,11256
有点肿,有点皮,0,3729
阴茎增大,阴茎蚤痒痒胀,0,4027
龟头脱皮,龟头上有小水泡,0,3280
龟头出不来,龟头有点痛,0,13108
脱皮,生殖器流水,0,13679
龟头出不来,龟头不勃起能翻出来,0,1213
不射精,勃起后很快就软了,0,15266
龟头流脓,龟头腐烂,0,5419
溃疡,有点红肿,0,1485
尿浑浊,小便浑浊,1,4747
阴茎有异味,阴茎根部瘙痒,0,13064
精液像果冻,精子量少,0,11340
尿道口刺痛,早晨起来有分泌物,0,10822
黄色的,有点儿短,0,14887
龟头溃烂,龟头长痘痘,0,15049
尿道口红肿,尿道口变大,0,9322
早射,进入就想射,1,15712
睾丸挫伤,睾丸隐疼,0,1586
精液像水一样,精液量少,0,8720
睾丸变小,蛋蛋疼,0,7326
没有以前硬,勃起不是很硬,0,15209
尿胀,尿尿的时候刺痛,0,15380
阴茎过大,阴茎短小时间短,0,11845
睾丸肿大,睾丸很小,0,10456
龟头溃烂,龟头上有白色污垢,0,1797
射精无力,射精后睾丸疼,0,4175
龟头痒,龟头有黑点,0,13201
阴茎过大,阴茎周围痒,0,5604
排尿困难,小便困难,1,10635
不射精,长不射精,1,1598
尿道口红肿,尿道里有点痒,0,1898
钙化,白色的小颗粒,0,2836
尿有异味,小便慢,0,10129
精液像水一样,精子不完全液化,0,7749
硬不起来,有时还硬不起来,1,3943
龟头充血不足,龟头下面发青色,0,15080
阴茎增大,阴茎延长,1,15776
死精,精子黄色,0,12223
尿浑浊,很黄,0,14853
阴茎弯曲,阴茎说大不大,0,1265
腰酸乏力,腰疼耳鸣,0,6072
中途疲软,射完精就软了,0,11022
龟头红肿,龟头红红,1,12916
睾丸有点硬,睾丸一个大,0,14482
包皮红肿,龟头有些红,1,7684
龟头脱皮,龟头坏死,0,6957
尿里有泡沫,小便刺疼,0,8066
龟头有小疙瘩,龟头有痘痘,1,10539
尿失禁,小便多憋不住尿,1,9994
尿道口流脓,白色的脏东西,0,10116
尿失禁,小便多次数多,0,11275
包皮紧,包皮也痒,0,13249
龟头有红斑,龟头有点小,0,9191
阴茎增粗,阴茎太短,0,14694
硬不起来,?性生活时间短,0,12233
尿痛,小便时有刺痛感,1,11367
龟头出血,龟头就疼,0,2672
尿道有点痒,尿尿疼痛,0,13352
龟头有小痘痘,阴茎上有红点,1,620
龟头痒,龟头上有一点红,0,15241
早射,长时间不射精,0,10379
龟头结痂,阴茎上有小水泡,0,9810
睾丸潮湿,阴囊有时候潮湿,1,15929
精液量多,精子很稀,0,624
手脚冰凉,脱发,0,7790
阴囊脱皮,阴囊朝湿,0,5225
尿不尽,总尿尿,1,5616
尿痛,尿尿频急,0,2236
死精,精液有果冻样,0,15409
尿有灼热感,有点堵,0,13195
睾丸痒,睾丸处潮湿,0,15583
尿有灼热感,有点骚痒,0,7554
尿量少,尿尿的时候痒,0,1644
阴囊脱皮,阴囊过敏,0,13470
出血,有一点点血,1,13163
睾丸潮湿,阴囊会潮湿,1,5993
龟头有白色分泌物,尿道流血,0,15121
记忆力减退,腰酸乏,0,2797
睾丸有异味,睾丸附近阵阵疼,0,9201
龟头红肿,阴茎根部瘙痒,0,2612
阴茎短小,勃起撸三五下就射精,0,284
阴茎有硬块,阴茎珍珠疹,1,11039
龟头有红点,包皮发红,0,15349
阴茎撕裂,阴茎特别硬,0,6207
阴茎水肿,阴茎硬龟头不硬,0,13268
龟头发紫,龟头有白的,1,3112
钙化,小便有泡沫,0,7682
尿黄,尿里带血,0,15482
尿频,感觉太快,0,15792
腰酸乏力,小肚子坠胀,0,4732
尿分叉,尿尿感觉刺痛,0,8324
尿急,憋着疼,0,14764
包皮紧,包皮里有白色东西,0,4627
阴茎增粗,海绵体收缩,0,3137
阴茎弯曲,阴茎老是勃起,0,5191
阴茎短小,勃起硬度不行,0,237
尿无力,尿不尽尿频尿多,0,4062
有点疼,老是尿床,0,8996
中途疲软,碰到就软了,1,9304
阴囊红肿,睾丸旁边痒,0,15989
有点红,有点痒挤压出脓血,0,6728
包皮垢,包皮有粘连,0,11074
淋巴结肿大,睾丸发热,0,5586
阴茎扭转,阴茎过短,0,4346
阴茎增大,阴茎过大,0,14070
精液发黄,精子畸形高,0,10656
包皮痒,包皮里面有泥垢,0,9974
下面痒,大腿根部疼痛,0,11189
龟头疼,龟头有些痒,0,10099
小腹坠胀,腰酸乏力?小腹坠涨,1,11051
精液有血,精液很少,0,117
阴茎短小,阴茎勃起不硬,0,227
阴茎扭转,阴茎包皮,0,6949
尿道口刺痛,尿道口流脓,0,9785
射精出血,性生活不理想,0,1999
阴茎扭转,阴茎会缩短,0,10887
尿频,尿频尿黄,1,13362
中途疲软,勃起不太硬,0,14639
阴茎增大,阴茎发热,0,12702
龟头结痂,龟头就黄浓,0,6355
尿急,控制不住,0,14635
阴茎弯曲,阴茎小,0,5952
睾丸下垂,睾丸疼,0,14034
尿道流白色液体,尿尿橘黄色,0,14220
阴囊脱皮,阴囊出汗冰凉潮湿,0,3672
龟头红肿,阴茎还短小,0,9272
排尿困难,尿不出尿,1,12410
睾丸胀,睾丸红,0,5359
尿急,控制不住要射,0,14300
射精出血,射精速度太快,0,13530
龟头有红点,阴茎细小,0,12935
长疙瘩,小疙瘩,1,10150
长疙瘩,长了个米粒一样的小疙瘩,1,7445
硬度不够,勃起不疼,0,6314
尿浑浊,小便时有点痛,0,12348
精液量少,精子有点发黄,0,1843
龟头结痂,龟头有白点,0,4040
尿道口红肿,尿道有点灼热,0,7089
睾丸变小,阴囊肿大,0,9812
排尿困难,晚不舒服,0,6273
尿无力,小便一直发黄,0,6411
龟头有小痘痘,龟头上还有小红点,1,16033
排尿困难,老想尿尿,0,8301
肥大,前列腺疼,0,12513
尿不尽,尿频尿急倒,0,13005
包皮痒,包皮痒?肿,1,15428
精液粘稠,精液跟果冻,1,2017
不射精,射精快无力,1,3614
包皮水肿,包皮敖生物,0,720
精子成活率低,精子有点发黄,0,11158
龟头有小疙瘩,阴囊长疙瘩,0,7592
腰酸乏力,下腹不舒服,0,7081
龟头脱皮,龟头红点,0,6762
精液像水一样,精子颗粒物,0,5459
包皮紧,包皮里有白色污垢,0,15832
记忆力减退,精神不集,0,78
尿道流白色液体,小便是黄色的,0,8886
龟头流脓,龟头出现红点,0,4083
没有以前硬,硬度不硬精子少,0,15688
没有以前硬,勃起特别快,0,12476
尿道口红肿,烧热感,0,4281
精子有颗粒,射精有时快,0,14804
阴茎扭转,阴茎瘙的痒痒,0,14862
睾丸一个大一个小,睾丸缩小,0,15074
龟头疼,龟头起红斑,0,13227
黄色的,有些胖,0,10447
记忆力减退,腰酸无力,0,16
尿急,尿尿泡沫多,0,10482
阴茎有异味,阴茎弯,0,6434
阴茎有异味,阴茎细短,0,15201
睾丸肿大,附睾有硬块,0,8037
阴茎短小,勃起不能持久,0,3388
尿道口流脓,白白的脏东西,0,2690
黄色的,有点下垂,0,15339
精子成活率低,精子比较黄,0,3597
肉芽,红色的疙瘩,1,11522
睾丸胀,睾丸会痛,0,8449
尿分叉,小便会疼,0,12591
尿频,尿频尿道发热,1,14028
睾丸疼,睾丸有硬块,0,2474
黄色的,尿有点混浊,0,13736
硬不起来,一点都勃不起来,1,16097
中途疲软,勃起不持久,0,1259
中途疲软,勃起时间短,1,7269
淋巴结肿大,阴囊积水,0,4672
阴囊脱皮,阴囊有潮湿感,0,3775
龟头有小痘痘,龟头又大又硬,0,4303
有异味,有点分叉,0,1875
龟头有红斑,龟头脱敏,0,4193
睾丸挫伤,睾丸阵痛,0,9988
精液量少,精液中带血,0,9301
尿等待,总是想尿尿,0,5749
尿频,尿特别多,1,14091
有点红,发红,1,13522
阴茎有硬块,阴茎向右弯曲,0,14223
尿不尽,尿尿还分叉,0,11603
尿黄,尿尿的时候有点刺痛,0,15521
精液有血,精液不少,0,158
阴茎有硬块,阴茎短了,0,10997
睾丸肿大,睾丸软,0,12403
阴囊肿大,阴囊湿湿,0,4629
睾丸肿大,睾丸好疼,0,11353
包皮紧,龟头珍珠疹,0,816
龟头痒,龟头出血,0,8611
龟头有白色分泌物,尿道口有粘液流出,0,1567
龟头充血不足,阴茎海绵体静脉漏,0,6132
精液发黄,精子特少,0,10550
龟头有白色分泌物,尿道口肿,0,14098
精子成活率低,精液是黄色,0,13900
龟头充血不足,龟头出过血,0,5771
尿道流白色液体,尿道口刺痛,0,641
龟头出不来,龟头膨胀的疼,0,1541
尿有异味,龟头老有分泌物,0,12859
睾丸萎缩,睾丸有点潮湿,0,7354
阴囊脱皮,睾丸涨,0,12359
龟头有红斑,龟头上有红疙瘩,1,979
粉刺,白色泥条,1,9893
龟头发紫,龟头不肿,0,14362
龟头上有黑点,龟头有红点,1,13800
排尿困难,拉尿也会痛,0,5496
阴茎有硬块,阴茎会阴处变硬,0,1065
黄色的,浓稠,0,2663
阴茎扭转,阴茎萎缩,0,502
阴茎增粗,阴茎不硬,0,11650
阴茎增粗,阴茎周围痒,0,483
龟头有珍珠疹,龟头肿,0,7235
精子成活率低,精子活动低,0,13048
龟头有白色分泌物,挤不出来分泌物,1,3489
尿道有点痒,尿道口流脓,0,10356
腰酸乏力,小腹早上疼,0,15880
下面痒,阴囊上有白色小疙瘩,0,5715
阴茎短小,勃起特快,0,286
射精无力,勃起撸三五就射精,0,932
小便出血,小便流血,1,10866
龟头有白色分泌物,龟头白色分泌物,1,9568
包皮水肿,包皮里面很红,0,7002
尿道口流脓,尿道口发黑,0,14503
龟头上有黑点,龟头明感,0,2868
尿痛,尿尿刺痛,1,4379
精液量多,精子很粘,0,16134
尿等待,尿分叉??尿不尽,0,4654
精液有异味,精液很少很少,0,15957
尿浑浊,小便时间长,0,6167
尿道口流脓,尿道发痒,0,14465
尿等待,尿不急?不频,0,15758
早射,不到一分钟就射,1,8617
龟头有红斑,阴茎有红点,1,4719
阴茎有异味,阴茎有臭味,1,12330
龟头充血不足,裤子敏感,0,13152
有点肿,有点痒有点疼,0,8218
小肉球,比黄豆小点,1,12567
龟头痒,龟头有点歪,0,7744
睾丸痒,阴囊松弛,0,13013
阴囊肿大,阴囊上有细的血管,0,3825
龟头充血不足,海棉体供血不足,1,9998
龟头出不来,龟头就很痛,0,8755
阴囊红肿,睾丸肿,1,5958
阴茎有硬块,阴茎会痒,0,14745
龟头有颗粒,流黄色的东西,0,7038
下体有异味,生殖器特别痒,0,15214
精液有血,精子变透明,0,13917
尿道口流脓,白色渣渣,0,9789
精子有颗粒,射精后小便尿道口刺痛,0,6071
死精,精液还很稀,0,4759
龟头有小痘痘,龟头发青,0,1835
尿无力,小便突然就特别的黄,0,15815
包皮垢,包皮干脱皮,0,1652
脱皮,红点??包皮有点红肿,0,5103
阴茎有异味,阴茎麻木,0,6575
精液量多,精液还很稀,0,15908
睾丸扭转,睾丸:痛,0,9948
硬不起来,jj硬不起来,1,1408
阴茎折断,阴茎是弯的,1,762
龟头出不来,龟头就疼,0,4607
阴囊有疙瘩,皮肤起痘痘,0,9916
尿黄,尿尿也疼,0,5762
阴茎扭转,阴茎周围痒,0,581
小腹疼,睾丸有时疼痛,0,15697
包皮水肿,包皮一直过长,0,6594
尿浑浊,尿尿会疼,0,3176
硬度不够,勃起的时候不小,0,4674
硬不起来,勃起不如以前,0,14585
睾丸痒,睾丸也疼,0,15855
阴茎增粗,阴茎发育不良,0,437
下面痒,脱皮,0,1660
睾丸痒,睾丸瘙痒,1,7383
性欲减退,阴茎小不舒服没有快感,0,5560
阴囊发凉,睾丸肿痛,0,12797
虚汗,手脚冰凉,0,3861
尿道口流脓,一圈还有硬的东西,0,5042
粉刺,白色的还有颗粒物,1,2471
精液发黄,精液颗粒,0,13074
睾丸有异味,睾丸痛,0,2863
龟头有小痘痘,龟头有黑斑,1,7728
阴茎过大,阴茎长了个疙瘩,0,4955
尿浑浊,小便后有血,0,15310
尿多,小便红色,0,13983
尿道有点痒,尿道刺痒,1,14331
龟头出不来,龟头变色,0,12216
阴囊脱皮,睾丸上有个肉疙瘩,0,10616
睾丸有点硬,睾丸老是疼,0,7740
阴茎扭转,阴茎裂口,0,12746
不射精,射精还快,0,2515
精子有颗粒,射精好快,0,9452
尿无力,小便滴白,0,3798
精液量少,精子发黄不液化,0,7937
尿道口流脓,尿道刺疼,0,10689
有点红,有点异味,0,1606
精液有异味,精液就发黄,0,10701
小便出血,有点发黄,0,14441
没有以前硬,勃起不了,0,13416
尿道口流脓,白色粉状,0,16210
精液有血,精液略带粉色,1,4840
小便出血,小便有点混浊,0,1808
有点发炎,有点?精神失落,0,2638
龟头有白色分泌物,尿道口有些痒,0,13073
阴茎短小,勃起特快,0,11315
龟头有小疙瘩,龟头紫色,0,6196
阴茎扭转,阴茎勃起来骚痒痒又短小,0,15171
精液有血,精子是果冻状,0,156
死精,精液混浊,0,13302
尿胀,尿尿有刺痛,0,9183
尿浑浊,小便红色,0,3837
精液有异味,精子发光,0,12428
阴茎增大,阴茎太长,0,341
溃疡,有点像果冻,0,4074
尿胀,小便时尿道刺痛,0,3667
阴茎增大,阴茎变长,0,3958
龟头脱皮,龟头有黑斑,0,11794
龟头红肿,阴茎小了,0,7774
阴茎有异味,阴茎冰凉,0,12943
阴茎撕裂,阴茎黑,0,7683
长疙瘩,有点小红疙瘩,1,11753
性欲减退,提不起精神来,0,5249
龟头发紫,龟头增大,0,1493
阴茎疼,阴茎根部疼痛,1,4643
肥大,前列腺管堵塞,0,10715
中途疲软,没多久就软了,1,13623
排尿困难,小便有点分叉,0,1002
精液粘稠,精子是果冻状,0,8446
溃疡,有点发炎,0,864
龟头有小疙瘩,阴茎上有红点,1,10194
射精痛,射精管堵塞,0,4279
下面痒,有点快,0,11548
精液发黄,精液泛黄,1,13625
尿黄,精液有点发黄,0,4239
睾丸扭转,睾丸受伤,0,3968
长疙瘩,白色小点点,1,14996
精液量多,精液透明?,0,4233
虚汗,爱出虚汗,1,1784
阴茎水肿,阴茎勃不起来又短小,0,15053
龟头流脓,龟头红斑,0,7104
阴茎水肿,阴茎充血不足,0,9655
小肉球,很小的疙瘩,1,6222
阴囊脱皮,睾丸不疼,0,12605
睾丸疼,睾丸左边大,0,12710
阴茎有异味,阴茎上有小豆豆,0,6194
睾丸痒,阴囊收缩凉,0,5802
小腹疼,小肚胀,0,11909
睾丸扭转,睾丸酮也低,0,13119
龟头红肿,阴茎头痒,0,14915
尿道口流脓,白色的颗粒状,0,6328
阴囊痒,睾丸发痒,1,11179
龟头脱皮,龟头出血,0,4307
龟头发紫,龟头很红,1,14083
尿急,尿尿的时候尿道疼,0,4309
精液量少,精液跟果冻,0,15323
阴茎短小,射精快不勃起,0,279
不射精,不硬时间短,0,8693
精液像水一样,精液发红,0,804
尿黄,果冻状的精液?,0,5800
钙化,尿口流白色液体,0,13131
睾丸扭转,睾丸水肿,0,7916
下面痒,大腿根有异味,0,11949
龟头灼热,阴茎长长,0,6961
阴茎疼,阴茎小了,0,12966
死精,精子里有血,0,15198
长疙瘩,起了个疙瘩,1,6373
阴茎水肿,阴茎上有小痘痘,0,8956
尿痛,尿尿有刺痛,1,5700
龟头流脓,龟头痒痒,0,11931
睾丸变小,睾丸皮脱皮,0,6705
龟头有小痘痘,龟头起了几个红点,1,7544
龟头疼,龟头增大,0,9097
阴囊红肿,睾丸微痛,0,10294
睾丸有异味,睾丸肿胀疼痛,0,3709
龟头有小痘痘,龟头软软,0,13164
龟头出血,龟头有褶皱,0,9526
阴茎弯曲,阴茎发臭,0,13752
有异味,无异味,0,9507
精液量多,做爱时间有点短,0,6978
尿痛,小便快,0,13576
阴茎疼,鸡巴太细,0,9274
阴茎增粗,阴茎海绵体受损,0,405
包皮痒,包皮里有白色污垢,0,5849
包皮痒,包皮长一点,0,7057
精液量少,精子有点黄色,0,5420
精液量多,几秒就射了,0,8632
肾虚,营养不足,0,5515
死精,精子变透明,0,12308
精液有血,精液稀薄,0,147
龟头有白色分泌物,黄绿色分泌物,0,2999
粉刺,白色痘痘,1,8851
阴囊发凉,睾丸有点肿,0,8869
死精,无精子,0,4452
睾丸肿大,睾丸两侧发痒,0,4320
尿道口流脓,白色透明,0,16114
尿浑浊,小便发黑,0,9233
睾丸下垂,睾丸正常都下垂,1,7653
精液发黄,精液不完全液化,0,6777
龟头溃烂,龟头有点敏感,0,13882
睾丸有点硬,睾丸发红,0,14657
阴茎弯曲,阴茎损伤,0,12867
阴茎有异味,阴茎勃起有时候很硬,0,13050
包皮红肿,包皮颗粒,0,4949
龟头出不来,龟头还有点红,0,13845
灼热,烧灼,1,9863
阴茎增粗,阴茎包皮过长,0,451
包皮有点长,包皮还长,1,16197
睾丸下垂,睾丸发红,0,15006
有点疼,压痛感,1,2182
睾丸一个大一个小,睾丸下坠痛,0,2596
龟头有水泡,大腿内侧长疙瘩,0,619
尿道口流脓,小便有灼热感,0,14509
睾丸变小,睾丸特别凉,0,12703
龟头疼,龟头有味,0,2424
阴茎有异味,阴茎短小时间短,0,9966
下体有异味,生殖器长疙瘩,0,6366
出血,有一点点黄,0,8697
阴囊脱皮,睾丸皮上长了个疙瘩,0,3772
龟头有白色分泌物,尿道口不疼,0,3157
早射,插进去没感觉,0,6487
没有以前硬,勃起也不坚硬,0,10518
龟头敏感,做爱敏感,1,4866
硬度不够,硬度不够??,1,9525
没有以前硬,硬度不够硬,1,597
硬度不够,勃起硬度也不够,1,3638
睾丸肿大,睾丸有时候会痛,0,14735
龟头红肿,阴茎回血快,0,1228
龟头有红斑,龟头下面痒,0,12926
精子有颗粒,射精射出果冻状的东西,1,9251
睾丸萎缩,睾丸发凉潮湿,0,3161
精子成活率低,精子淡黄色,0,7312
尿急,小便疼,0,953
尿道口红肿,偶尔刺痛,0,11279
龟头充血不足,龟头过大,0,12174
射精无力,射精有血?,0,7277
尿黄,尿白色的尿,0,10940
阴茎扭转,阴茎很短,0,12675
龟头灼热,阴茎瘙痒,0,13646
性欲减退,不能硬起,0,9770
阴茎短小,勃起时间短,0,200
红肿,生殖器官变弯,0,966
尿不尽,尿分叉,0,11988
排尿困难,火辣辣的,0,1162
龟头脱皮,龟头腐烂,0,10788
阴茎扭转,阴茎短小包皮,0,10201
尿道有点痒,尿道裂开,0,3255
尿频,尿频尿,1,1112
尿痛,小便多憋不住尿,0,1589
有点红,一丁点痒,0,16092
阴茎撕裂,阴茎增大增长,0,1770
精液量少,精子染色体异常,0,2914
腰酸乏力,腰酸尿频,1,11257
精液像水一样,精子有黄色的果冻状,0,14636
钙化,白色脏东西,0,8100
龟头溃烂,龟头开裂,0,6707
龟头结痂,阴茎上有小红点,0,2834
龟头发紫,龟头有白色物质,0,2431
长疙瘩,白豆豆,1,11436
小肉球,小白点点,1,1696
睾丸萎缩,阴囊小,1,6583
射精出血,性生活时会疼,0,2486
有点发炎,有点变小,0,8190
精液像水一样,精子特少,0,2296
龟头有颗粒,白色发黄,0,5018
龟头有珍珠疹,阴茎上长疙瘩,1,3207
精液像果冻,精液土黄色,0,11662
阴茎有硬块,阴茎又大又粗又硬又粉红,0,8460
龟头发紫,龟头上有白色的,0,10907
尿道口流脓,黄水,0,11841
小便出血,尿尿不疼,0,8526
龟头灼热,阴茎有些短小,0,6531
精液量多,插进去几下就射了,0,6905
尿道有点痒,尿道有些痒,1,661
精液粘稠,精液没有精子,0,4328
睾丸下垂,睾丸坠痛,1,1151
尿有异味,精液有异味,0,5506
包皮有点长,皮过长,1,8166
精液有血,精液差,0,6236
粉刺,白色异味,0,5679
阴茎有异味,阴茎总是勃起,0,9591
阴囊痒,大腿内侧有红斑,0,13836
阴囊肿大,阴囊痒脱皮,0,10013
排尿困难,尿不出来尿,1,13289
钙化,白色的东西,0,10238
尿多,小便有点红,0,5404
黄色的,有点痒有点红,0,2654
龟头灼热,阴茎白斑,0,4589
尿失禁,小便后见红,0,1312
龟头发紫,龟头有点疼,0,11686
阴茎增粗,阴茎水肿,0,4444
龟头发紫,龟头白色分泌物,0,9136
有点肿,有点下坠,0,1947
精液像果冻,精液跟水一样,0,2636
硬不起来,勃起很硬,0,14629
没有晨勃,晨勃减少,0,14219
包皮痒,包皮尿道口有点水肿,0,14634
尿分叉,尿尿很痛,0,4626
睾丸潮湿,睾丸涨疼,0,12275
尿浑浊,尿尿有点分叉,0,10888
阴茎短小,勃起硬度没问题,0,259
中途疲软,不能献血,0,11097
硬不起来,阴茎勃起不硬,1,11898
精液有血,精液有异味,0,168
精液像果冻,精子发黄有果冻状,1,2064
阴茎扭转,阴茎无力,0,9919
射精出血,射精前尿道带血,0,5966
小肉球,一个小肉球,1,1370
龟头疼,龟头是凉的,0,15363
有点疼,放射性疼痛,1,8393
阴茎弯曲,阴茎发热,0,9827
钙化,尿液残留,0,6122
龟头有红斑,龟头有白带,0,9454
尿道口刺痛,一点儿分泌物,0,15930
龟头出不来,龟头很痒,0,12870
龟头发紫,龟头发炎,0,921
精液发黄,精子粘稠,0,15962
射精痛,射精射精有些快,0,7887
精液量少,精液差,0,4475
尿浑浊,尿出来的尿有泡沫,0,7577
不射精,硬度不如以前了,0,6038
阴茎有异味,阴茎不够长,0,8577
睾丸挫伤,睾丸用手一捏就疼,0,12455
龟头脱皮,龟头有小痘痘,0,15738
尿失禁,小便尿痛,0,1382
粉刺,白色的浓液,0,13782
阴茎疼,鸡鸡细又短,0,4572
尿道口流脓,白色的果冻,0,7035
排尿困难,小便后有血,0,14391
龟头有珍珠疹,龟头就黄浓,0,9909
尿急,存不住尿,0,8465
有点肿,有点硬,0,8496
有点疼,摸着有痛感,1,5745
龟头脱皮,龟头有些溃疡破皮,0,13326
红肿,鸡巴毛瘙痒,0,10191
睾丸下垂,睾丸提一下有个小包,0,4553
龟头流脓,龟头有点水肿,0,7579
尿道口红肿,尿频?龟头瘙痒,0,2744
精液有异味,精子很稠,0,12156
尿多,小便有味道,0,12424
前列腺疼,前列腺钙化度偏高,0,10900
有点肿,有点尿多,0,10756
尿道口红肿,龟头尿尿刺痛,0,10958
溃疡,有点像水,0,11157
睾丸萎缩,睾丸疼?,0,8567
射精无力,射精疼痛,0,815
阴囊红肿,睾丸有囊肿,0,1367
尿有异味,小便浑浊,0,14754
尿等待,排尿无力,0,14366
尿道口刺痛,尿道变细,0,2197
包皮垢,包皮过长红斑骚痒胃难受头痛,0,9460
包皮痒,龟头发紫,0,15781
睾丸胀,睾丸有硬块,0,3678
尿不尽,尿次数多尿不尽,1,13240
阴茎折断,阴茎有异味,0,13040
精子有颗粒,射精太点快,0,7114
睾丸有异味,阴囊出水,0,13967
钙化,白色的小点,0,13669
硬度不够,勃起有点慢,0,11593
尿痛,尿尿发黄,0,868
精液有血,精液不液化,0,14156
睾丸潮湿,睾丸有潮湿,1,6769
前列腺疼,前列线肥大,0,11204
龟头出不来,龟头不肿,0,16120
阴茎增粗,阴茎勃起不来,0,8293
龟头上有黑点,龟头有些肿,0,1505
精液有血,精液无味,0,2785
尿频,感觉软的,0,1851
包皮红肿,龟头肿了,1,13281
龟头灼热,阴茎不硬,0,13476
尿多,小便费力,0,1466
包皮紧,包皮破了,0,6206
增生,阳虚?前列腺?,0,2237
龟头有珍珠疹,龟头起红疹,1,2250
早射,没两下就射精,1,9935
排尿困难,胃不舒服,0,5780
龟头上有黑点,龟头有小疙瘩,1,2233
睾丸有点硬,睾丸特别小,0,6881
阴茎增大,阴茎左边肿,0,15904
尿分叉,小便特别疼,0,7499
射精出血,小便后出血,0,6775
尿无力,小便异味,0,14375
阴茎增粗,阴茎细短,1,13986
红肿,鬼头有红点,0,5898
肉芽,小肉瘤,1,15628
尿胀,小便后有白色液体流出,0,7211
精液量少,精子出不来,0,10277
阴茎过大,阴茎充血不足,0,9422
睾丸一个大一个小,睾丸坠胀,0,5656
记忆力减退,腰酸??,0,7884
淋巴结肿大,睾丸冰凉,0,1141
包皮水肿,包皮一圈疼,0,5425
阴囊发凉,蛋蛋很小,0,13661
龟头痒,龟头有白色分泌物,0,10213
硬度不够,疲软不坚,1,15990
小腹疼,小肚子一侧疼,1,13084
有异味,有味,1,2989
龟头有小疙瘩,龟头边缘有小疙瘩,1,768
阴茎撕裂,阴茎短小时间短,0,11591
精液发黄,精液成块状,0,1845
硬不起来,有点儿力不从心,0,8351
睾丸一个大一个小,睾丸湿,0,636
尿道有点痒,尿道很疼,0,1862
记忆力减退,腰酸腿没劲,0,73
龟头流脓,龟头发凉,0,11125
阴茎折断,阴茎弯曲矫,0,2800
睾丸萎缩,睾丸表皮疼,0,10459
阴茎疼,鸡鸡一直硬,0,15256
记忆力减退,腰酸乏力失眠多梦精神不好,0,55
尿道口刺痛,小便灼热,0,10385
睾丸一个大一个小,睾丸刺痛,0,3275
睾丸肿大,睾丸有血丝,0,6727
阴茎扭转,海绵体怪疼,0,3734
精液量多,精液太多,1,1804
包皮有点长,包皮浮肿,0,11163
睾丸胀,睾丸下坠松弛,0,3162
龟头出血,龟头不是很硬,0,775
睾丸下垂,睾丸旁边痒,0,8710
长疙瘩,小红点点,1,11181
阴茎有硬块,阴茎疼,0,15312
粉刺,红色的小疙瘩,1,12479
包皮红肿,包皮有点红肿,1,4880
记忆力减退,腰膝酸软失眠多梦阴囊潮湿阴囊痒,0,11112
龟头充血不足,龟头老软,0,6856
尿黄,排尿有血,0,2023
排尿困难,一想小便,0,10528
尿道口刺痛,内裤上有分泌物,0,12032
尿不尽,尿急尿频尿疼,0,10905
没有晨勃,早起不晨勃,1,8441
精液粘稠,精子里面有血,0,4225
睾丸胀,睾丸皮脱,0,3469
龟头有白色分泌物,肛门有分泌物,0,7106
包皮紧,包皮有红斑,0,2286
包皮痒,包皮后小鸡鸡感染,0,848
早射,感觉刚进入就想射,1,15099
睾丸萎缩,睾丸皮黑,0,1316
精液粘稠,精子里有红色,0,5139
睾丸痒,睾丸松弛,0,1181
小腹疼,小便有点疼,0,3339
阴茎扭转,阴茎还短小,0,572
尿里有泡沫,小便发臭,0,6744
尿不尽,尿不急,0,10580
龟头出不来,龟头漏出来疼,0,10140
有点红,有点频,0,9950
阴茎撕裂,阴茎特别痒,0,6565
没有以前硬,勃起不坚中途疲软,1,4460
增生,前列腺有肥大,0,6118
肉芽,长了一个小疙瘩,1,4466
小便出血,小便时有点痛,0,4362
包皮垢,包皮溃烂,0,859
没有晨勃,没有以前的硬,0,2773
小腹坠胀,小腹右侧痛,0,12961
阴囊发凉,睾丸变大,0,15200
睾丸潮湿,阴囊收缩,0,4804
肉芽,长了一个疙瘩,1,1561
性欲减退,射精很舒服,0,11077
阴茎有异味,阴茎红,0,6667
阴茎增大,阴茎能增大,1,12789
龟头出血,龟头上有小点点,0,4285
不射精,射精特快,0,11292
尿道有点痒,尿刺痛,0,6650
龟头敏感,一直很敏感,1,15168
精液发黄,精液很少,0,3988
睾丸有异味,睾丸有些疼,0,4229
尿无力,小便有点血,0,10208
尿胀,排尿次数多,0,11711
龟头敏感,龟头很红,0,4869
射精痛,射精射不远,0,5313
尿里有泡沫,小便潜血,0,8041
尿痛,小便也不疼,0,15625
尿痛,尿尿好疼,1,4789
排尿困难,尿不痛快,1,13727
尿痛,小便没劲,0,10764
精子成活率低,精子出不来,0,6223
脱皮,下面毛里有虫子,0,8707
阴茎有异味,阴茎非常短小,0,4897
龟头有白色分泌物,眼突然刺痛,0,1032
睾丸萎缩,阴囊有潮湿感,0,7688
睾丸有点硬,睾丸坠胀,0,7338
尿量少,夜尿不多,0,1434
尿道口红肿,没分泌物,0,9908
龟头红肿,阴茎特别短小,0,9926
阴茎扭转,海绵体萎缩,0,500
阴囊脱皮,睾丸萎缩,0,2047
精液粘稠,精液量很少,0,8605
阴茎扭转,阴茎上长了个包,0,1109
粉刺,白色小点,1,1585
射精出血,射精次数少,0,8299
龟头有小痘痘,龟头还有点疼,0,13739
下体有异味,生殖器特小,0,14101
阴茎增粗,阴茎包皮,0,468
尿等待,尿不淋,0,2994
龟头脱皮,龟头上有红点,0,13347
阴囊有疙瘩,龟头有小红疙瘩,0,2708
精子有颗粒,射精特别困难,0,9878
钙化,排尿有点疼,0,15197
小便出血,小便很黄,0,14329
睾丸疼,睾丸被攥拉了,0,11525
精液量多,精子里有血,0,7626
尿道口流脓,小便疼痛,0,8194
包皮水肿,包皮口有个小红点,0,4755
小便出血,小便都疼,0,7923
阴茎增粗,阴茎有点向下弯,0,5753
睾丸潮湿,睾丸有异味,0,9569
记忆力减退,身体无力,0,21
包皮紧,包皮肿大,0,14831
阴茎增粗,阴茎上长疙瘩,0,3108
包皮紧,包皮上裂口,0,6901
龟头痒,龟头包皮,0,4862
睾丸一个大一个小,睾丸发凉潮湿,0,4770
射精无力,精液活力不足,0,1026
精液像水一样,精子不液化,0,2641
睾丸疼,睾丸隐隐痛,1,13660
龟头红肿,阴茎珍珠疹,0,7979
没有晨勃,晨勃减弱,0,3895
尿道口刺痛,阴囊有灼热感,0,13388
黄色的,特别涨,0,7426
精子成活率低,精子颗粒状,0,10601
睾丸变小,睾丸发黏,0,10134
精子成活率低,精子活率低,1,15786
溃疡,有点着凉,0,5438
精液量少,精液比较稀,0,10029
阴茎增粗,阴茎不起而射精,0,11384
射精无力,射精快,0,4263
阴囊痒,大腿根部潮湿瘙痒,0,2921
有点红,有点红小红嘎子,1,5537
尿失禁,小便巨痛,0,12564
长疙瘩,黑斑,1,9618
阴茎弯曲,阴茎没有以前硬了,0,5711
硬块,有硬块,1,2362
尿道有点痒,尿道口发红肿,0,7095
睾丸胀,睾丸根部痒,0,15877
精液有血,精液中有血丝,1,4106
包皮有点长,龟头有时插阴道软,0,14250
尿有灼热感,尿尿时尿道有点疼,0,7047
有点肿,有点臭,0,16232
龟头上有黑点,龟头有时插阴道软,0,9311
睾丸挫伤,附睾精液囊肿,0,14973
尿胀,尿尿时疼痛,0,8382
有点红,有点溃疡,0,15367
阴囊发凉,睾丸表皮疼,0,3953
精液量多,做爱几分钟就射了,0,5878
尿痛,小便有刺痛感,1,4203
尿浑浊,小便有点频繁,0,6670
尿无力,尿频尿急晚上睡不着觉腰酸无力脾气大,0,4008
阴茎短小,勃起差,0,266
阴茎有硬块,阴茎肿痛,0,15683
阴茎水肿,阴茎增粗,0,6889
尿有灼热感,有点坠涨感,0,6044
硬度不够,勃起很难,0,3724
黄色的,特别粘,0,14225
阴茎短小,勃起后硬度不够,0,15593
阴囊红肿,睾丸有点坠痛,0,6737
尿道口刺痛,没分泌物,0,4102
精液有血,射精疼痛,0,110
记忆力减退,性能力减退,0,62
射精无力,射精发黄,0,4609
龟头有小疙瘩,阴囊上有小疙瘩,0,6891
龟头有红斑,龟头有一圈小疙瘩,1,5661
龟头出不来,龟头里面有点痒,0,13094
包皮红肿,龟头有点红,1,11284
尿分叉,小便深黄色,0,4260
龟头痒,阴茎上有小水泡,0,15022
硬度不够,勃起不坚时间短,1,6491
尿痛,小便特疼,1,11849
龟头有小痘痘,龟头红红,0,9142
有点疼,总是很痒,0,1218
没有以前硬,勃起很快就软了,0,2148
射精痛,射精量过多,0,10785
精液量少,精液稀薄,1,15176
早射,插进去没一会就射了,1,8107
睾丸疼,睾丸下坠,0,12269
精液像果冻,精液不少,0,14015
阴茎增大,阴茎肿了,0,347
阴囊痒,蛋皮瘙痒,1,12897
硬不起来,勃起缓慢?中路疲软?硬度不坚,0,1203
睾丸下垂,睾丸上长了个疙瘩,0,11626
龟头有小疙瘩,阴茎发烫,0,6714
阴茎折断,阴茎细小,0,6776
龟头发紫,龟头长疙瘩,0,3053
龟头流脓,龟头流血,0,6494
包皮痒,包皮撸起,0,3338
龟头灼热,阴茎太短,0,13381
下面痒,大腿根儿长狮子了,0,3814
包皮红肿,包皮水肿瘙痒,1,9238
精子有颗粒,色果冻状,0,5186
龟头上有黑点,龟头还有点疼,0,2991
阴囊痒,大腿根处潮湿,0,6253
阴茎撕裂,阴茎有点向下弯,0,14222
睾丸有异味,阴囊积水,0,14357
阴茎过大,阴茎异常勃起,0,1856
黄色的,有点骚,0,15942
阴茎有硬块,阴茎就软了,0,9662
精液量多,精子量很少,0,1617
小肉球,红疙瘩,1,5703
没有以前硬,勃起不缓,0,11730
尿道口流脓,鸡巴上有白色的东西,0,8815
精液有异味,精子畸形高,0,2565
精液量多,精子太少,0,2466
尿道流白色液体,鸡巴上有白色的东西,0,12775
阴囊有疙瘩,睾丸有个小疙瘩,1,16087
精液像果冻,精液黄,0,10790
没有以前硬,射精快时间短,0,5869
尿道口流脓,白色的分泌物,0,10895
龟头敏感,龟头发青,0,8680
睾丸一个大一个小,睾丸下潮湿,0,5197
龟头出不来,龟头有点发白,0,12644
小肉球,长了个小水泡,1,13188
精液量多,精液比较稀,0,7153
包皮有点长,包皮过长包皮垢,1,5968
阴茎弯曲,阴茎流血,0,14176
精液有血,精液呈果冻状,0,139
记忆力减退,多梦记忆力下降,1,5124
硬度不够,勃起不坚中途皮软,0,4599
阴囊有疙瘩,鸡鸡上最近起了红疙瘩,0,4730
尿道口红肿,包皮起了好多疙瘩?尿道口红肿,1,13624
没有以前硬,勃起慢,0,3630
阴茎扭转,阴茎流脓,0,10010
龟头溃烂,龟头泛白,0,3210
尿道口刺痛,尿道内有点痒,0,1233
尿道口红肿,尿分泌物,0,4978
尿分叉,尿尿快,0,2795
尿频,尿尿少,0,13156
尿无力,小便偏黄,0,16200
龟头红肿,阴茎上有血管还有涨痛感,1,4848
睾丸痒,阴囊左侧会痛,0,7502
尿失禁,小便腥臭味,0,3930
有异味,有点灼热,0,2224
包皮有点长,包皮系带撕裂,0,8365
龟头红肿,阴茎上涨痘痘,0,5044
肉芽,红痘痘,1,15328
黄色的,有点尿血,0,5996
硬不起来,根本硬不起来,1,8322
脱皮,两个红点,0,915
红肿,生殖器缩小,0,5597
尿频,尿尿疼,0,10839
阴茎弯曲,阴茎太大,0,11105
精液量多,五分钟就射了,0,3854
龟头流脓,阴茎上有小红点,0,13720
早射,插进去就射了,1,10902
睾丸肿大,睾丸有点胀,1,3252
睾丸疼,射精有疼痛,0,11114
小便出血,尿尿有血,1,3068
阴茎有异味,阴茎变长,0,5596
阴囊脱皮,睾丸酸痛,0,3450
包皮水肿,包皮很短,0,8767
尿急,小便后疼,0,4344
尿道口红肿,尿道灼热,0,10263
龟头有小疙瘩,龟头肿大,0,1069
尿黄,尿黄?有味,1,5614
龟头流脓,龟头红了,0,3504
阴茎水肿,阴茎又大又粗又红又硬,0,6286
阴茎折断,阴茎变大变粗,0,2539
睾丸胀,睾丸总疼,0,887
阴茎增粗,阴茎弯曲,0,14620
龟头痒,龟头起红点,0,15511
尿道口流脓,白色异味,0,6700
阴囊红肿,睾丸不生精,0,11914
性欲减退,射精有点快,0,8315
阴茎过大,阴茎痒痒,0,2403
尿胀,小便潜血,0,9008
精液量多,精子活动率低,0,10489
睾丸扭转,睾丸皮脱,0,1106
尿道流白色液体,小便后有白色液体流出,1,8580
睾丸胀,"睾丸襄,肿",1,15658
精子成活率低,精子很稠,0,4087
龟头有红点,龟头流血,0,13750
阴茎增大,阴茎多长,0,336
精液量多,精液是黄的,0,9373
排尿困难,排尿排不出来,1,3763
有点发炎,有点刺痛感,0,9079
睾丸挫伤,睾丸涨疼,0,5670
尿里有泡沫,尿尿有点频繁,0,15730
精子成活率低,精子不射,0,5549
睾丸挫伤,睾丸囊肿???,0,3914
有点疼,总是想撒尿,0,11500
阴茎有异味,阴茎老是勃起,0,15714
红肿,瘙痒?意味,0,7372
龟头有小痘痘,龟头有水泡,1,12350
小腹坠胀,小腹发涨,1,14583
小肉球,脓包,0,11085
尿黄,小便有点多,0,9421
包皮紧,包皮做疼,0,9861
睾丸疼,睾丸肿痛,1,15396
性欲减退,射精有红色,0,1269
肉芽,肉球,1,13273
阴囊脱皮,阴囊外皮瘙痒,0,3359
尿胀,小便有味道,0,8678
钙化,尿液有泡,0,12904
尿道流白色液体,尿尿疼痛,0,6493
阴茎增大,阴茎尾损,0,4717
粉刺,白色脏东西,0,15468
性欲减退,性欲没有下降,0,2269
龟头出不来,龟头灵敏度高,0,2765
尿有异味,尿液发臭,1,3178
阴囊脱皮,阴囊变小,0,12922
睾丸挫伤,睾丸下坠疼,0,15500
尿等待,尿有点多,0,11671
尿多,尿尿有点尿分叉,0,11295
龟头上有黑点,龟头有红色斑点,1,1653
龟头有红点,龟头出现红点,1,1877
阴茎增粗,阴茎多长,0,8852
睾丸一个大一个小,睾丸阵痛,0,10685
龟头灼热,阴茎增长,0,13288
精液像水一样,精子是黄色,0,15302
硬度不够,勃起缓慢?中路疲软?硬度不坚,1,9207
有点红,有点凸起,0,8640
睾丸肿大,睾丸有灼热感表皮结痂,0,13207
精液有血,精子有点淡黄色,0,15678
龟头有红斑,龟头上有几个红点,1,6652
溃疡,有点发黄,0,4646
尿浑浊,尿尿时疼,0,13030
有点肿,有点红点,0,1338
精液有异味,精液不浓稠,0,6413
中途疲软,勃起时不够硬,0,14748
龟头有颗粒,暗黄色,0,5774
阴茎扭转,阴茎勃不起来又短小,0,576
阴囊发凉,蛋蛋老是潮湿有味,1,7562
阴茎扭转,阴茎皮破了,0,9268
阴茎疼,阴茎胀痛,1,3432
龟头流脓,龟头裂口,0,5312
排尿困难,尿尿黄,0,11170
阴茎短小,勃起勃起不硬,0,11542
龟头有颗粒,白色的垢,0,6051
睾丸挫伤,睾丸红,0,14837
尿急,小便有点发红,0,1669
龟头出血,龟头有一块红,0,6831
性欲减退,射精无力没有快感,0,1799
睾丸有异味,睾丸红肿,0,10777
精液有异味,精液味,0,12688
有点发炎,有点烧热感,0,13332
射精无力,水不多,0,12592
龟头有红点,阴茎变长,0,7510
龟头溃烂,龟头上有白点点,0,13773
龟头溃烂,龟头疼痛,0,14005
阴茎有异味,阴茎越来越小,0,4805
尿胀,小便有沫,0,11277
尿痛,小便时流白色的,0,9414
精液像果冻,精子弱,0,13181
不射精,没射完,0,16163
精液量多,精子果冻块,0,7461
死精,精子发黄,0,3043
睾丸一个大一个小,左侧肿大,0,4431
包皮垢,包皮系带断裂,0,12073
尿黄,尿也发黄,1,5955
尿分叉,小便快,0,11184
睾丸痒,睾丸那里疼,0,10300
尿道流白色液体,尿道疼痛,0,7491
增生,前列腺稍大,0,5953
阴茎弯曲,阴茎潮湿,0,14577
包皮紧,包皮过长阴茎短小,0,4037
精液像果冻,精液太少,0,6634
龟头有珍珠疹,龟头还疼,0,1077
包皮垢,包皮里痒,0,7267
钙化,尿液有泡泡,0,13412
阴茎增粗,阴茎老钟不能外翻,0,8487
记忆力减退,腰酸乏力失眠多梦精神不好,0,9321
阴茎疼,阴茎短,0,10623
精液量多,射得早,0,12065
下面痒,龟头有个红点,0,9034
中途疲软,没完事就软了,1,8069
精液发黄,精液残留,0,2763
小腹坠胀,小腹摁着疼,0,9501
尿多,尿尿偶尔分叉,0,15031
尿有灼热感,有点粘,0,14429
性欲减退,射精后有血,0,13071
精液发黄,精子很稀,0,4393
龟头脱皮,龟头边缘发紫,0,5712
小便出血,小便特疼,0,7770
钙化,排尿倒,0,15982
尿分叉,尿尿等待,0,11225
有异味,有点粘连,0,10177
阴茎扭转,阴茎发肿,0,7105
尿道流白色液体,内裤有白色液体,0,15255
包皮痒,包皮黏连,0,15122
尿多,小便便血,0,1477
阴囊肿大,阴囊发白,0,12299
睾丸肿大,右侧肿大,0,4396
精子成活率低,精子活力不行,0,5785
龟头有珍珠疹,龟头白色垢,0,11710
睾丸有点硬,睾丸坠痛,0,13465
精液像果冻,精液像水,0,14159
尿量少,尿尿的时候尿道疼,0,11512
红肿,生殖器发育不良,0,7543
精子有颗粒,冻状,0,1179
腰酸乏力,包着不舒服,0,15319
尿道流白色液体,龟头流出黄色的液体,0,15502
龟头疼,龟头刺挠,0,13764
尿多,小便带精,0,12222
阴茎增大,阴茎很硬,0,13439
淋巴结肿大,睾丸肿痛,0,11860
龟头有小疙瘩,阴茎上流血,0,14539
包皮水肿,包皮下面一圈肉,0,9025
阴茎有异味,阴茎瘙痒,0,12212
精子成活率低,精液透明色,0,6149
腰酸乏力,小腹左下侧疼,0,16143
记忆力减退,失眠多,0,41
阴茎撕裂,阴茎红肿,0,12372
尿胀,小便褐色,0,5234
尿黄,小便有点黄,1,4622
精液量多,精液微黄,0,13840
阴茎弯曲,阴茎刺痛,0,11746
性欲减退,射精快控制不住,0,5535
硬度不够,勃起无力不硬,1,1966
包皮水肿,包皮开裂,0,2570
阴囊有疙瘩,龟头沟有红点,0,5866
阴茎弯曲,阴茎向左歪,1,15548
有点疼,老是爱出汗,0,16070
精液有异味,精液太多,0,13266
阴囊红肿,睾丸过小,0,11447
射精无力,射精快慢,0,1873
粉刺,白色的膜,0,10702
包皮紧,包皮肿痛,0,4563
包皮有点长,龟头红疼,0,6539
射精出血,射精那么快,0,950
阴囊痒,阴囊两侧很痒,1,2695
包皮垢,包皮长一点,0,8055
睾丸挫伤,睾丸上有疙瘩,0,7215
精液发黄,精液是咖啡色,1,3365
包皮水肿,包皮长一点,0,7779
下面痒,有点味,0,3442
小便出血,尿尿黄色,0,4135
硬度不够,勃起比较困难,0,13330
阴茎撕裂,阴茎红,0,16019
粉刺,红色斑点,1,15146
尿道流白色液体,黄色液体流出,0,6357
精液粘稠,精子活力不行,0,9784
龟头痒,龟头起小红点,0,5413
龟头上有黑点,龟头上有很多小红点,1,3304
龟头有白色分泌物,尿道口有些红肿,0,1627
没有以前硬,搞B时间短,0,11178
尿量少,次数很少,0,9648
阴囊发凉,睾丸坏死,0,3057
龟头有白色分泌物,尿道口有黄色液体流出,0,3674
有点红,瘙痒脱皮,0,9184
尿急,尿尿会分叉,0,5019
精子成活率低,精液死精,1,14965
硬度不够,勃起没以前硬,1,3704
龟头有水泡,像水,0,2412
龟头有白色分泌物,尿道口疼痛,0,10852
龟头敏感,蹭内裤就有点敏感,1,14353
尿痛,尿尿有泡泡,0,14041
精子成活率低,精子变黄,0,6680
龟头有小痘痘,龟头泛白,0,12081
精液像水一样,精液异味,0,14906
尿急,小便褐色,0,1165
龟头有白色分泌物,尿道滴白,0,12551
排尿困难,尿不黄,0,12917
睾丸胀,睾丸下坠,0,2472
没有晨勃,晚上不硬,0,6760
精液像果冻,精子成黄色,0,11637
尿浑浊,尿尿次数多,0,5612
睾丸痒,睾丸有点微痛,0,1547
阴茎增大,阴茎勃起变短,0,7327
包皮紧,包皮有小疙瘩,0,14328
小腹疼,后背疼痛,0,1175
包皮痒,包皮上起了小疙瘩,0,6843
小便出血,拉血尿,1,2543
龟头有白色分泌物,尿道口发炎尿尿灼热,0,10380
阴茎增大,阴茎潮湿,0,2405
精液发黄,精子不沦,0,6026
肥大,前列腺增大伴钙化,0,11334
龟头结痂,龟头流水,0,8850
有点发炎,有点果冻,0,4571
射精痛,射精无力?乏力,0,1156
包皮紧,包皮前端痒红,0,10164
龟头结痂,龟头有点脱皮,0,7127
阴茎增粗,海绵体受伤,0,422
尿多,小便鸡八小不好,0,2905
包皮垢,包皮里有白色分泌物,1,15531
增生,前列腺高潮,0,14121
精液像水一样,精子透明色,1,14801
包皮紧,系带断裂过,0,1182
有点肿,有点像果冻,0,2599
溃疡,龟头发痒,0,3869
脱皮,生殖器短小,0,6547
囊肿,有点血块,0,11719
尿浑浊,晨尿有泡沫,0,14002
龟头有白色分泌物,包皮有点红肿,0,2934
射精痛,射精无法控制,0,5460
精液量少,精子黄黄,0,4651
龟头敏感,神经太敏感,1,15509
尿急,控制不住的射了,0,8114
小腹疼,小肚子也痛,1,7498
阴茎过大,阴茎太短,0,13272
阴茎疼,阴茎有异味,0,3849
尿无力,尿不贫,0,7178
黄色的,有点痒有点痛,0,13190
龟头充血不足,海绵体充血不足,1,5396
硬度不够,勃起是不硬,0,13246
下面痒,大腿根长了个疙瘩,0,6729
精液量少,精子过稀,0,9904
睾丸有点硬,睾丸一个疼,0,4510
包皮垢,龟头红点脱皮,0,9993
龟头红肿,阴茎比较短,0,13890
阴囊脱皮,阴囊有潮湿,0,13274
硬度不够,勃儿不坚,1,1121
下面痒,有点凉,0,2303
精液有异味,精子有果冻状,0,8778
龟头有小疙瘩,龟头上长痘痘,1,8366
龟头有红斑,龟头不痒,0,5469
粉刺,白色的液体?,0,9260
阴茎扭转,阴茎太长,0,554
尿浑浊,大便次数多,0,9094
尿痛,尿尿有亮晶体,0,15011
龟头有白色分泌物,没分泌物,0,3183
睾丸扭转,睾丸被拉拽,0,2622
包皮紧,包皮长有异味,0,14165
小腹坠胀,腰酸软,0,12253
阴茎折断,阴茎向左歪,0,10935
龟头疼,龟头流血,0,7815
尿道口刺痛,小便排尿时刺痛,1,8661
精液有异味,精液有点发黑,0,12197
阴茎增粗,阴茎上涨痘痘,0,14240
小肉球,红点点,1,5755
射精出血,射精多,0,12805
包皮紧,包皮过长时间短,0,12335
尿痛,尿尿时酸痛,1,13639
龟头出不来,龟头疼痒,0,1982
精液有血,精液带血丝,1,153
龟头充血不足,龟头擦破点皮,0,4918
阴囊红肿,睾丸有时候痒,0,3064
肉芽,长了水泡,1,14200
睾丸有异味,睾丸受伤,0,6864
精液发黄,精液比较稀,0,10363
阴茎有异味,阴茎勃起不硬,0,15136
龟头溃烂,龟头上有点红,0,6030
早射,不想射,0,8859
阴茎增大,阴茎变小,0,305
精液量少,死精子,0,10455
尿有异味,小便时间长,0,4380
尿道口刺痛,尿道口有些痒,0,9366
阴囊脱皮,阴囊收缩凉,0,15271
尿多,很多血,0,13198
睾丸胀,睾丸外面小小白色痘痘,0,2011
出血,有一点酸,0,4509
尿有灼热感,有点拉肚子,0,3618
射精痛,射精时无快感,0,5127
阴茎扭转,阴茎有点弯曲,1,10367
龟头疼,龟头上一圈小刺,0,3044
小肉球,小肉粒,1,10016
龟头灼热,阴茎发烫,1,3574
龟头有小痘痘,龟头过敏,0,13889
睾丸下垂,睾丸一个大,0,4419
有异味,有点疲劳,0,8314
记忆力减退,被发令枪震得耳鸣,0,1593
精液有异味,精液很少,0,2569
睾丸变小,睾丸松弛,0,3998
硬不起来,硬度不好,1,6671
记忆力减退,腰酸软,0,14790
黄色的,尿是褐色,0,1252
睾丸扭转,睾丸小软,0,9848
尿浑浊,尿尿都疼,0,14765
精液有血,精液不良化?,0,7191
