sentence,label
那么治疗效果好吗，,咨询疗效
耳部内窥镜,咨询检查方式
也可以治好吗,咨询疗效
内镜检查,咨询检查方式
想预约一下专家门诊号,确定预约时间
声阻抗检查,咨询检查方式
去年在军区总医院看的，挂了一周水,描述就诊史
大约需要多少费用，我是自费的,咨询价格
中耳炎手术有多大风险,咨询动刀
鼻炎可以治彻底吗,咨询疗效
耳部检查,咨询检查方式
耳鸣可以治疗吗,咨询治疗方式
鼻腔镜,咨询检查方式
我想问一下你们医院医生什么时候上班呢,咨询上班时间
能彻底治疗恢复正常吗？,咨询疗效
咽内镜,咨询检查方式
需要预约吗？人多吗？,确定预约时间
看鼻科哪个专家好啊,咨询专家
还有具体位置在哪里,咨询地址
你们这个异地医保报销吗,无
医生把您的微信号发给我吧,咨询微信
耳鸣能治愈吗,咨询疗效
你好！我想请问下明天耳科有专家号吗？,咨询专家
电测听,咨询检查方式
耳部内窥镜检查疼吗,咨询检查方式
随治随走吗,咨询住院
好的。治疗费用大么？,咨询价格
一般需要多久可以见效,咨询疗程
耳道镜检查,咨询检查方式
咽喉内窥镜,咨询检查方式
需要手术吗,咨询动刀
鼻镜,咨询检查方式
你好，我想问下，治疗大概要多少钱？,咨询价格
治疗一般要多少钱？,咨询价格
告知一下费用,咨询价格
价格是多少呢？,咨询价格
治疗下来需要花多少钱？,咨询价格
是怎么收费的？,咨询价格
费用怎么算的？,咨询价格
要多少钱呢,咨询价格
一般要多少钱,咨询价格
你就告诉一声，具体要多少钱？,咨询价格
大概要多少钱呀,咨询价格
治疗要多少钱？,咨询价格
要是到你们医院治疗的话估计需要多少钱？,咨询价格
像我这样的大概的花多少钱呢,咨询价格
我想问一下 具体费用,咨询价格
要多少钱,咨询价格
然后你预计我这个得花多少钱,咨询价格
看我这样的病大概需要多少钱,咨询价格
治疗大概需要多少费用了,咨询价格
多少钱,咨询价格
平常价格是多少钱啊,咨询价格
费用多少,咨询价格
得多少钱,咨询价格
说一下价格是多少？,咨询价格
麻烦讲一下费用是多少？,咨询价格
需要多少钱？,咨询价格
治疗费用怎么算的？,咨询价格
价格是多少？,咨询价格
想先了解一下价格,咨询价格
想问下治疗需要多少钱？,咨询价格
治疗的费用是多少？,咨询价格
和我讲一下大概费用吧,咨询价格
米粒大小的白点，诊断为色素脱失需多少钱大概,咨询价格
请问你们那里挂号费多少钱呢,咨询价格
我想问一下抗复发的药一个月多少钱,咨询价格
你们医院采用的治疗方式是什么？,咨询治疗方式
治疗方式？,咨询治疗方式
都有哪些治疗方式,咨询治疗方式
主要是通过什么方式治疗的,咨询治疗方式
目前通用的治疗方式是那种？,咨询治疗方式
那种治疗方式靠谱点？,咨询治疗方式
通过什么方式治疗的,咨询治疗方式
治疗方式有哪些？,咨询治疗方式
传统的治疗方式都有哪些,咨询治疗方式
保守的治疗方式有哪些,咨询治疗方式
可以治疗吗,咨询治疗方式
请问医生怎么办好？,咨询治疗方式
有哪些治疗方案吗,咨询治疗方式
怎样冶,咨询治疗方式
请问怎样能冶愈,咨询治疗方式
这个可以医吗？,咨询治疗方式
白癜风有法治吗,咨询治疗方式
有法治疗吗,咨询治疗方式
请问可以用药物治疗吗？,咨询药物
能治吗？,咨询治疗方式
医生我这病能够医治吗？[流泪],咨询疗效
这种好治疗吗,咨询治疗方式
10多年了，没什么好判断，说说你们有什么治疗方案？,咨询治疗方式
你有什么办法吗？,咨询治疗方式
这个好治疗吗？,咨询治疗方式
怎样控制，,咨询治疗方式
一般检查后，给予的治疗有哪些？,咨询治疗方式
能医治吗,咨询疗效
能治疗吗,咨询治疗方式
我就是想问能否治疗,咨询治疗方式
你好，怎么搞,咨询治疗方式
有好的方法治么,咨询治疗方式
治愈的方式有哪些,咨询治疗方式
治好这个要怎么做,咨询治疗方式
这个要怎么治疗,咨询治疗方式
有什么好的方法,咨询治疗方式
治疗的方法有哪些,咨询治疗方式
我只是想问一下怎么去掉它,咨询治疗方式
怎样去除,咨询治疗方式
小孩胎记如何处理,咨询治疗方式
新生儿胎记怎么消除,咨询治疗方式
怎么消除,咨询治疗方式
最好的方法,咨询治疗方式
怎么去除,咨询治疗方式
用什么方法治疗的呢,咨询治疗方式
怎么可以去掉,咨询治疗方式
方法有哪些,咨询治疗方式
胎记怎么处理,咨询治疗方式
如何治疗的,咨询治疗方式
怎么办呢,咨询治疗方式
眼代怎么治,咨询治疗方式
多久能治好,咨询疗程
治好会花很长时间吗,咨询疗程
需要花很长时间去治疗吗,咨询疗程
虚要治疗多久,咨询疗程
治疗过程会很长吗,咨询疗程
需要做几个疗程？最近没时间,咨询疗程
需要几个疗程呢？,咨询疗程
这个有疗程的吗？,咨询疗程
它有分疗程吗？,咨询疗程
做一次就好了吧？,咨询疗程
需要做几次？,咨询疗程
需要几个疗程？,咨询疗程
一般要治疗几次？,咨询疗程
需要多少时间？,咨询疗程
她说很简单，我的一次就可以治疗,咨询疗程
几天打一次,咨询疗程
需要一直治下去吗,咨询疗程
间隔多久做一次,咨询疗程
诊疗过程长吗,咨询疗程
这个治疗时间很短吧,咨询疗程
治疗不用花很长时间吧,咨询疗程
要治很长时间吗,咨询疗程
疗程怎么样,咨询疗程
分几次治疗呢,咨询疗程
需要做几个疗程？,咨询疗程
一般要做多少次？,咨询疗程
治疗需要多久,咨询疗程
一次治疗需要多久,咨询疗程
单次治疗需要多久,咨询疗程
多长时间可以修复,咨询疗程
治疗需要多长时间,咨询疗程
多久能看到效果？,咨询疗程
需要多久可以矫正,咨询疗程
祛疤要做几次？,咨询疗程
要做几次才能见效果呀,咨询疗程
效果如何？,咨询疗效
治疗效果怎么样,咨询疗效
疗效怎么样,咨询疗效
效果好不好,咨询疗效
做完会有改善吗？,咨询疗效
效果怎么样啊？,咨询疗效
效果好吗？,咨询疗效
有效果吗？,咨询疗效
做完会不会没用啊？,咨询疗效
那效果怎么样啊？,咨询疗效
效果怎么样？,咨询疗效
治疗了之后改善大吗？,咨询疗效
治疗后的效果怎么样？,咨询疗效
治疗之后可以改善吗？,咨询疗效
可以达到理想效果吗？,咨询疗效
有治疗的效果吗？,咨询疗效
能治疗好吗,咨询疗效
都说这个病是治不好的,咨询疗效
我听说这种病治不好的,咨询疗效
能不能彻底治好,咨询疗效
可以治愈吗,咨询疗效
可以根治吗,咨询疗效
会反弹吗,咨询疗效
能彻底修复吗？？,咨询疗效
能冶好吗,咨询疗效
把人疼醒,描述症状
哪一种是无痛不开刀的,咨询动刀
瘦腿针打一个月后疼为什么,咨询病因
去过渤海医院建议我激光点阵 我怕疼就没弄,描述就诊史
手术用开刀吗？,咨询动刀
但是我听他说20多天了还是好痛,描述症状
要治疗多久,咨询疗程
是不是要住院呢,咨询住院
要住院多久,咨询住院
如果需要住院的话可能要等一段时间,咨询住院
需要住院吗,咨询住院
住院要住多久,咨询住院
住院的话我就暂时不考虑了,咨询住院
需要留院观察吗,咨询住院
不住院可以吗,咨询住院
不想呆医院,咨询住院
不想住院,咨询住院
能不住院吗,咨询住院
医院环境受不了,咨询住院
不住院行不行,咨询住院
住院治疗还是？,咨询住院
我不想住院,咨询住院
要不要住院？,咨询住院
需不需要住院？,咨询住院
是否需要住院,咨询住院
不需要住院吧,咨询住院
为啥要住院,咨询住院
一定要住院吗,咨询住院
需要住院治疗吗,咨询住院
需要入院接受手术吗,咨询住院
手术当天可以回家吗？,咨询住院
需要住多久呢,咨询住院
最短在院时间多久 一个人可以去吗,咨询住院
假体隆胸住院几天？,咨询住院
今天要是做，晚上不能回家吗,咨询住院
住院治疗的？,咨询住院
住几天院,咨询住院
随坐随走还是住院,咨询住院
可是我同事在华美那边做的 住院了两天,咨询住院
那就要住院治疗吗,咨询住院
这种病需要住院吗？,咨询住院
用什么药物治疗,咨询药物
是用中药还是西药,咨询药物
具体用什么药呢,咨询药物
药物有什么特殊要求吗,咨询药物
能吃什么药物缓解呢,咨询药物
有什么特效药吗,咨询药物
有推荐的药物吗,咨询药物
现在用巴克呢,咨询药物
我儿子十五岁刚开始是背上有，后来背上看着好像没有了，然后脖子变瘦还脸上也有，到附近诊所问了一下说是汗斑，这个可以买什么药擦吗,咨询药物
因为疫情期间不能来就诊了,吃了一个疗程的药,咨询药物
有药治吗,咨询药物
我没用药..,无
一般都是涂药吗,咨询药物
可以帮我开点药吗,咨询药物
我想通过药物治疗,咨询药物
你们医院用什么药,咨询药物
我就是想买点药,咨询药物
有没有药,咨询药物
可以用中药调理吗,咨询药物
我们昨天出院开了一些激素药,咨询药物
吃药,咨询药物
擦外用药,咨询药物
涂药膏,咨询药物
吃啥药啊,咨询药物
需要动刀吗,咨询动刀
不动刀可以么,咨询动刀
治疗得动刀？,咨询动刀
动刀才能治疗？,咨询动刀
要动刀？,咨询动刀
不用手术吧。,咨询动刀
背腰部，有近二十年了，没发展，基本属于稳定型。请问林老师象这种可以做手术吗？黑色素细胞种植,咨询动刀
要做手术吗,咨询动刀
要动刀吗,咨询动刀
不做手术可以吗,咨询动刀
需要开刀吗,咨询动刀
手术危险吗,咨询动刀
会开刀吗,咨询动刀
需要动刀子吗,咨询动刀
是不是还要动刀,咨询动刀
你说一这个疤要动手术。,咨询动刀
是不是要做手术,咨询动刀
这种是不用做手术的吗,咨询动刀
能不做手术吗,咨询动刀
注射应该不用动手术吧,咨询动刀
就是不用再动手术了嘛？,咨询动刀
是不是要切除手术,咨询动刀
可以不做手术吗？,咨询动刀
手术不用开刀吗？,咨询动刀
坐手术吗？,咨询动刀
只能手术么,咨询动刀
需要做什么手术,咨询动刀
应该不用动手术吧,咨询动刀
要做哪些检查,咨询检查方式
主要检查什么,咨询检查方式
有哪些检查方式,咨询检查方式
你们医院采用的是哪些检查方式,咨询检查方式
检查要查些什么,咨询检查方式
诺氨酸酶检查,咨询检查方式
免疫检查,咨询检查方式
坑黑色素抗体检测,咨询检查方式
一般怎么查,咨询检查方式
病因怎么捡查出来,咨询检查方式
检查项目有哪些？,咨询检查方式
病因检查项目有哪些？,咨询检查方式
检查要做几项？,咨询检查方式
都有哪些检查,咨询检查方式
检查什么项目呢？,咨询检查方式
怎么检查,咨询检查方式
要做哪些检查？,咨询检查方式
这个要怎么查,咨询检查方式
只是怀疑，不知去什么科检查,咨询检查方式
应该挂什么科室检查,咨询检查方式
想去检查，不知道去检查什么，过敏原做过，没有问题,咨询检查方式
要怎么查呢,咨询检查方式
哦，现在要做这个检查，做哪一个检查好一点,咨询检查方式
是想检查了,咨询检查方式
现在要是去医院做些啥子检查呢,咨询检查方式
就是说如果我现在要孩子，需要怎么检查,咨询检查方式
检查需要多少钱,咨询检查费用
检查价格,咨询检查费用
检查费用,咨询检查费用
检查一下需要多少钱,咨询检查费用
普通检查多少钱,咨询检查费用
常规检查下来多钱,咨询检查费用
检查费用是多少？,咨询检查费用
检查要多少钱,咨询检查费用
检查大概要花多少钱,咨询检查费用
检查下来多少钱,咨询检查费用
为什么会长白斑,咨询病因
有具体的病因,咨询病因
病因,咨询病因
病因是啥,咨询病因
什么会导致长白斑,咨询病因
长白斑的原因是什么,咨询病因
脸上又白块是怎么回事5岁,咨询病因
我想咨询皮肤有白块是什么原因,咨询病因
宝宝三四个月才出现的白斑是什么原因导致的,咨询病因
5个月小孩腋下有个白点是什么原因,咨询病因
眉毛脱掉了半边，怎么回事,咨询病因
小孩脸上有白块一般是什么原因,咨询病因
一般红点怎么回事,咨询病因
大概怎么回事,咨询病因
指尖发白，一会儿就好了，是什么愿因,咨询病因
会不会与烫头发有关呢,咨询病因
只是想了解一下，白癜凤这总病是怎么形成的,咨询病因
这是为什么呀,咨询病因
是缺维生素吗,咨询病因
什么引起的,咨询病因
病因是什么,咨询病因
病因是什么？,咨询病因
主要病因是？,咨询病因
致病因？,咨询病因
致病因是什么？,咨询病因
我为什么会得这个病？,咨询病因
那是什么原因呢？,咨询病因
是什么原因造成的呢？,咨询病因
主要是什么原因导致的？,咨询病因
为什么会这样,咨询病因
主要影响那些方面,咨询危害
会造成什么严重的后果吗,咨询危害
会导致什么,咨询危害
主要影响人体那些方面,咨询危害
危害主要表现在哪些方面？,咨询危害
和我讲一下危害？,咨询危害
对人体危害大吗？,咨询危害
这个有什么影响嘛,咨询危害
您能告诉我具体有什么危害吗,咨询危害
不治疗对身体有没有坏处,咨询危害
那会影响什么,咨询危害
有危害吗？,咨询危害
会不会有危害啊,咨询危害
会有影响吗,咨询危害
口吐白沫,描述症状
头痛,描述症状
老毛病了,描述症状
耳朵穿孔,描述症状
耳朵嗡嗡响,描述症状
耳膜穿孔,描述症状
我的左耳老是感觉像刮风的声音,描述症状
左耳总是不停的响，,描述症状
耳朵经常痒，流水,描述症状
请问 中耳炎 怎么办,咨询治疗方式
耳朵疼,描述症状
你好，我想问一下补耳膜需要多少钱,咨询价格
中耳炎导致的穿孔,描述症状
神经性耳鸣,咨询项目介绍
神经性突发性耳鸣,咨询项目介绍
小孩神经性耳聋能治好吗,咨询疗效
中重度耳聋,描述症状
做一次鼻炎手术大概多少钱,咨询价格
耳朵里面有黄色的东西，有臭味，还疼,描述症状
耳朵整个都肿了,描述症状
耳膜给挖通了，怎么能好,咨询治疗方式
女生睡觉打呼怎么办,咨询治疗方式
电子喉镜,咨询检查方式
我声带有白斑，吐黄色浓啖,描述症状
我觉得有点感冒，引起云耳朵听力不好怎么回事,咨询病因
耳朵流脓水,描述症状
耳朵流黄水,描述症状
你好，我一觉醒来左耳朵嗡嗡作响,描述症状
医生你好！谢谢您，我的二耳吱吱叫，是什么问题,咨询病因
听力有下降,描述症状
请问，一般鼻中隔偏曲矫正需要多少钱？,咨询价格
耳朵有气塞怎么回事,咨询病因
在泰兴人医做过检查，说是混合性耳聋,描述就诊史
我最近老是鼻子出血,描述症状
左耳听不见，一个半月左右,描述症状
中耳炎已有二十年了，常流脓现在耳膜穿孔了，怎么办？,咨询治疗方式
江医师好！我孙子有鼻窦炎老是流鼻涕，怎么办？,咨询治疗方式
这几日，耳朵有呼呼的风声,描述症状
我感冒快1个月了，中间好1次，隔2天又感冒了，一直吃药都不管用，最近流鼻涕很严重，想问下医生，这种情况会不会是鼻炎导致的，因为鼻子一直不舒服,咨询病因
孩子5岁，浓鼻涕特别多,描述症状
是耳朵像吹哨一样。白天还好，夜晚感觉很明显。不知道是什么原因,咨询病因
先天性耳聋怎么治疗,咨询治疗方式
耳朵响怎么、回事,咨询病因
不知道啥原因。耳朵里面疼的都睡不了觉,咨询病因
耳鸣偶尔伴有隐隐的疼,描述症状
你好，声带息肉药物能治好吗,咨询疗效
鼻炎致设有嗅觉能治疗了？,咨询治疗方式
咽口水头疼痛,描述症状
你好我的左耳听力下降，还有耳鸣好长时间了,描述症状
请问小孩10岁了，扁桃体肿大，还能自行缩小吗？不能怎么办？,咨询治疗方式
鼻子经常不通气,描述症状
连续几天鼻子出血情况怎么办,咨询治疗方式
主要是白昼嗜睡,描述症状
坐着睡着了，都会打呼,描述症状
鼻窦炎犯了头昏，记忆力下降的厉害，反应特别迟钝,描述症状
我的耳朵里面流黄水，好几个月了,描述症状
喉咙息肉怎么治,咨询治疗方式
请问鼻中隔手术要多少时间才能好,咨询疗程
意思我晚上睡觉老打呼噜,描述症状
扁桃体肥大怎保守治疗啊,咨询治疗方式
耳朵里面长了个东西,描述症状
你好！近来老是感觉耳朵不舒服，内部哄哄的，听不清声音！,描述症状
有二年多了，只是耳朵里面响，别的没有什么。,描述症状
你好我是耳朵右耳膜穿孔相当于全部烂掉了，需要做手术修补，大概费用需要多少，,咨询价格
上颌窦炎,描述症状
我小孩鼻子长鼻吸肉怎么办,咨询治疗方式
我上网查了下我有慢性额鼻窦炎,描述症状
就是呼吸不畅通,描述症状
好的。我明天下午有空。你们下午几点上班啊？,咨询上班时间
左耳完全听不到,描述症状
耳朵雯雯响,描述症状
鼻甲肥大会导致头晕吗,咨询危害
腺样体肥大需要手术嘛,咨询动刀
嗯嗯，每次到换季，或者冬天的时候，就会一直打喷嚏，流鼻涕,描述症状
耳朵里发出嘤嘤嘤的声音,描述症状
三个月宝宝耳朵里流黄水,描述症状
我想再问你下，头发卡在咽部的上处，你这儿能看吗,描述症状
扁桃体发炎怎么办？一直复发,咨询治疗方式
耳膜穿孔多久能治好,咨询疗程
就最近一个星期鼻塞严重，平常的话嗓子里痰会很多,描述症状
耳朵出血怎么办,咨询治疗方式
耳朵里面好像有肉钉,描述症状
您好潘医生，贵院神经性耳鸣，可以治吗,咨询治疗方式
我上午头低，鼻子特然出血鲜红．没本人没有挖鼻腔、从木有此现像……有高血压史．现在一，会止住血没有任何症状。請问是什么原因造成的,咨询病因
我家小孩，总是会有鼻涕，以前到上海复大医院治疗,描述就诊史
你好，我耳朵里边疼，这都四五天了，也不见好，不知道什么原因,咨询病因
我鼻子不透气很囊,描述症状
咽喉干痒,描述症状
喉咙息肉怎么治疗,咨询治疗方式
我感冒引起鼻窦炎请问有什么方法可以治疗,咨询治疗方式
我家小孩6岁腺样体肥大我不想给他手术想用药物治疗行吗,咨询药物
我好想是慢性咽炎,描述症状
下鼻甲肥大,咨询项目介绍
你好，我鼻中隔稍偏左，要是做手术大概多少钱？,咨询价格
中耳炎里面长肉牙,描述症状
突发性耳聋能治好吗,咨询疗效
睡觉打呼，有药可吃吗？,咨询药物
我妈妈今年57，一直打呼噜，然后白天经常会不自觉的睡着,描述症状
诊断意见鼓膜穿孔左,描述症状
我家小孩一周多岁   鼻子老是不通气,描述症状
扁桃体手术多少钱？,咨询价格
鼻息肉的话有哪些症状呀,无
喉咙里总是觉得有痰，咽不下去也咳不出来，怎么回事,咨询病因
去年開始耳鳴,描述症状
我小孩有鼻息肉，流鼻涕，晚上睡觉打呼,描述症状
医生好，女子三十岁左耳被打穿孔，住院开刀后未治愈，现在能治愈吗,咨询疗效
请问一下两个鼻孔交替着堵，怎么回事啊？,咨询病因
右耳听不清楚，有时候听不见。,描述症状
我有个表妹十一年前就耳朵发炎化脓，一直治疗没有效果,描述就诊史
我喉咙肿痛了几天了，吃了很多药都没效果,咨询药物
扁桃体发炎了肿的很大怎么办,咨询治疗方式
我问一下，你们这里可以治疗嗓音方面那些病？,咨询公司介绍
割小耳大概需要多久修复,咨询疗程
我鼻孔处糜烂,描述症状
你好、我想问下我喉咙随时都痛、晚上也痛、吞口水都痛、白天稍微轻松点,描述症状
我的左耳感觉有东西堵着对外界的声音很小，该怎么办呢？,咨询治疗方式
耳膜破碎怎么修复,咨询治疗方式
我睡觉耳朵咚咚的响是什么原因,咨询病因
鼻后滴漏综合症,描述症状
鼻窦里面那个谈止不住的往喉咙里流,描述症状
我这两天有点感冒鼻塞 然后今天鼻涕里面有血 是个什么情况,咨询病因
请问耳朵掏到嗡嗡的响怎么办,咨询治疗方式
嗓子沙哑将近二年了,描述症状
三岁小女孩鼻子长了息肉,描述症状
鼻涕黄浓,描述症状
左边鼻子里面长了肉球红色的是啥,描述症状
耳膜塌陷,描述症状
先天性耳膜塌陷,描述症状
请问我额头眼部胀痛,描述症状
鼻子里面是红色的,描述症状
现在感冒好了。鼻孑不通气,描述症状
鼻塞怎样解决？,咨询治疗方式
我的鼻子经常堵塞，特别是晚上睡觉的时候堵的睡不着,描述症状
我就是鱼刺卡在喉咙上，试了很多方法都还卡在喉咙上,咨询治疗方式
一只耳朵耳呜就像是蝉鸣,描述症状
我就是感觉脖子痛,描述症状
请问流黄色浓鼻涕是什么原因呢？,咨询病因
鼻塞,描述症状
感冒鼻涕由清变黄,描述症状
你好，就是我的鼻孔里好像有一个包，是硬的。但是不痛不痒也不影响呼吸，是什么情况？,咨询病因
喉咙异物感,描述症状
鼓膜修补手术大约多少钱,咨询价格
喉咙长了细肉怎么办,咨询治疗方式
喉咙息肉,描述症状
你好，我想了解一下，流出来黑色的鼻涕，而且发臭,描述症状
霉菌性外耳道炎症怎么治疗啊,咨询治疗方式
喉咙有很多滤泡，有异物感,描述症状
感冒嗓子发炎,描述症状
歪鼻骨折能矫正吗,描述症状
耳前瘘管手术怎么做啊？,咨询治疗方式
耳前瘘管手术后可以回西藏吗？,咨询住院
做耳膜修补需要多少费用大概？,咨询价格
你好，我鼻中隔穿孔1厘米能修补吗,描述症状
可以看下咽癌吗,描述症状
这个会不会是鼻咽癌啊,无
慢性咽炎能根治吗,咨询疗效
前天我耳芯突然痛的历害，是一阵一阵的痛。,描述症状
我每年到了冬天就鼻涕特别多是怎么回事？,咨询病因
耳门一触碰耳心就扎针一样的疼,描述症状
扁桃体化脓了,描述症状
会厌下面有囊肿,描述症状
喉咙不舒服，老是沙哑，说不出来话,描述症状
鼻头也点肿,描述症状
外耳道长了个小包，，刚开始的时候碰到都疼，现在不疼了，可还是在哪里，这是什么情况啊,咨询病因
我就是感觉耳朵氧，想去清理一下,描述症状
卡着痰咳不出,描述症状
我的声音沙哑有20年了，还可以医吗,咨询治疗方式
你好，我的鼻子很干很痛，鼻子感觉有东西，用手伸进里面能摸到疙瘩，经常都有交替性鼻塞,描述症状
爱打喷嚏 只要一打喷嚏 绝对得要流鼻涕,描述症状
请问右扁桃肿大怎么治,咨询治疗方式
你好我是一名耳鸣眩晕患者请问有什么办法能根治吗,咨询治疗方式
三岁宝宝扁桃化脓一定要打点滴吗?,无
你好，请问我小孩晚上睡一觉起来，耳朵就聋了，头晕，耳朵响，是什么原因呢？,咨询病因
听力下降，听力测试中度受损,描述症状
您好！我从西藏回家后，爱流鼻涕，特别是冷的时候，没感冒,描述症状
我鼻子不能呼吸 只是用嘴巴呼吸  怎么办呢,咨询治疗方式
做ct是左侧筛窦粘膜增厚,描述症状
请问做CT扫及头脑双侧上颌窦筛窦粘膜增厚是怎么回事,咨询病因
核磁共振检查我姑娘她4岁半鼻内组织增厚腺体肥大，同时耳朵有乳突炎症,描述症状
慢性中耳乳突炎,咨询项目介绍
耳朵涨痛，分泌有浓液，CT检查乳突发炎,描述症状
重度急性耳聋可以治疗不,咨询治疗方式
脑鸣治疗问题,咨询治疗方式
从小就经常喉咙红，发炎,描述症状
喉咙里感觉有异物   咳不出   咽不下    早上刷牙还干呕    是怎么回事,咨询病因
我喉咙起了两个包,描述症状
我喉咙两遍长了两个包,描述症状
说话声音沙哑两个月了是怎么回事,咨询病因
我喜欢用手掏耳朵👂，现在头痛,描述症状
请问慢性咽喉炎怎么治,咨询治疗方式
慢性鼻炎是可以手术的吗,咨询动刀
娃娃耳痛、睡着都痛醒了,描述症状
鼻息肉肥大,描述症状
每天睡觉都感觉呼吸难受,描述症状
我打呼噜 睡觉被逼醒 这一年多发生几次了 以前没有,描述症状
睡眠呼吸暂停综合症,描述症状
睡觉老是打鼾,描述症状
耳朵突然耳嗚,描述症状
我男朋友晚上睡觉打呼噜声音大伴有呼吸困难症状,描述症状
鼻子干燥，鼻涕中有血丝，呼出的气感觉很热，咽部有异物感，很多痰，总在吐白色不浓的痰，曾有头晕眼花的症状，背部疼痛，颈子酸胀，,描述症状
小孩儿嗓子一直哑是怎么回事,咨询病因
脖子肿起来了,描述症状
额窦炎,描述症状
喉咙有东西怎么才能弄出来呢,咨询治疗方式
耳朵   长期有中耳炎  比较严重,描述症状
我想咨询一下喉咙有异物感怎么回事,咨询病因
请问修复耳膜可以吗？,咨询治疗方式
我声带有息肉，吃药能消吗,咨询药物
医生我的孩子喉咙一直都发炎怎么办呢？我们去保健院看了的好了一些。但是还是在发炎。她过几天又要发炎，给我说一说，怎么治这种病呢？,咨询治疗方式
就是不知道怎么回事就流了好多鼻血,咨询病因
我鼻子痒，还有很多鼻涕,描述症状
你好，请问流鼻血怎么治疗,咨询治疗方式
喉咙里面有异物感，想吐又吐不出来，用多大劲吐出来给小米一样,描述症状
宝宝附耳可以手术吗,咨询动刀
耳廓软骨成形术可以做吗,无
嗓子特别痛,描述症状
喉咙卡了鱼翅怎么办,咨询治疗方式
耳朵中度受损治疗,咨询治疗方式
小孩子说耳朵里疼是怎么回事？,咨询病因
我鼻子左边，有时候通有时候不通。天气好就通。怎么回事。,咨询病因
今年九岁半女孩鼻炎己有两年,描述症状
医生你好，扁桃体发炎两天了，不太讲的了话，喉咙很疼，吸气呼气都很疼，怎么办,咨询治疗方式
小孩鼻窦炎,咨询项目介绍
我喉咙那里有好多肉球一样,描述症状
我娃儿扁桃体肥大怎么做,咨询治疗方式
我娃儿睡觉老打呼噜,描述症状
我想问下吐的白色谈、咽喉异物感   咽干,描述症状
请问，急性化胧性扁桃体是怎么引起的？,咨询病因
我有甲状腺结节！,描述症状
喉咙里没感觉就是咽口水的时候那个肿块疼连着耳朵有点疼,描述症状
每到冬天，我的鼻子里就没有皮，红红的，很痛。怎样治,咨询治疗方式
耳朵当当响,描述症状
声音嘶哑,描述症状
请问喉咙里有痰咳不出来咽不下是什么原因？,咨询病因
您好，王医生我现在耳朵特别疼，该怎么办？,咨询治疗方式
我想问一下白内障能治吗,咨询治疗方式
我耳朵堵，听声音朦胧,描述症状
现在做打鼾手术要多钱？,咨询价格
经常在耳朵里流脓,描述症状
小孩睡觉打呼噜是什么引起的？,咨询病因
我小孩子没有感冒鼻子里面睡觉时候也有嗡嗡的响声，怎么回事,咨询病因
鱼池卡候怎么处理？,咨询治疗方式
耳前瘘管发炎了,描述症状
鼻子长期有一边堵塞,描述症状
左耳有蝉鸣,描述症状
滤泡增生,描述症状
过敏鼻出血,咨询项目介绍
检查说有甲亢,描述就诊史
甲状腺功能亢进症,咨询项目介绍
以前在老家高淳照过喉镜说声带麻痹，自己会好的，最近越来越严重了,描述就诊史
喉咙沙哑,描述症状
甲状腺左右两侧叶结节,描述症状
甲状腺瘤手术,咨询动刀
你们医院检查甲状腺不,咨询公司介绍
之前查是甲状腺结节，,咨询项目介绍
我最近查出来了甲状腺癌,描述症状
前几天也查了甲状腺，说里面有结节,描述症状
您好，脖子粗怎么回事,咨询病因
甲状腺肿大怎么办,咨询治疗方式
耳部疾病,咨询项目介绍
耳朵出水,咨询项目介绍
耳朵痛,咨询项目介绍
耳鸣,咨询项目介绍
中耳炎,咨询项目介绍
中耳癌,咨询项目介绍
乳突炎,咨询项目介绍
外耳道炎,咨询项目介绍
耳聋,咨询项目介绍
先天性耳聋,咨询项目介绍
传导性耳聋,咨询项目介绍
神经性耳聋,咨询项目介绍
突发性耳聋,咨询项目介绍
鼓膜穿孔,咨询项目介绍
人工耳蜗,咨询项目介绍
鼻部疾病,咨询项目介绍
鼻子不通,咨询项目介绍
鼻炎,咨询项目介绍
过敏性鼻炎,咨询项目介绍
鼻窦炎,咨询项目介绍
鼻甲肥大,咨询项目介绍
鼻中隔偏曲,咨询项目介绍
鼻息肉,咨询项目介绍
鼻腔异物,咨询项目介绍
鼻腔囊肿,咨询项目介绍
鼻中隔穿孔,咨询项目介绍
鼻出血,咨询项目介绍
鼻咽炎,咨询项目介绍
咽喉疾病,咨询项目介绍
喉咙疼痛,咨询项目介绍
咽喉炎,咨询项目介绍
咽异感症,咨询项目介绍
咽部异物,咨询项目介绍
咽喉部肿瘤,咨询项目介绍
喉炎,咨询项目介绍
喉癌,咨询项目介绍
扁桃体炎,咨询项目介绍
扁桃体结石,咨询项目介绍
扁桃体肿大,咨询项目介绍
会厌炎,咨询项目介绍
腺样体肥大,咨询项目介绍
声带息肉,咨询项目介绍
声带小结,咨询项目介绍
声带麻痹,咨询项目介绍
鼾症,咨询项目介绍
儿童鼾症,咨询项目介绍
甲状腺疾病,咨询项目介绍
甲状腺结节,咨询项目介绍
甲状腺肿,咨询项目介绍
甲状腺炎,咨询项目介绍
去医院检查过了也没有查出来什么原因,描述就诊史
好吧  你们医院地址在哪？,咨询地址
发个医院地址过来,咨询地址
你们医院位置在哪儿啊,咨询地址
你们医院在哪块呢,咨询地址
你们医院在哪里,咨询地址
发我一个你们医院的地址可以吗,咨询地址
你们医院大概在那一块呢,咨询地址
你们医院位置方便的话发我一下,咨询地址
医院坐标发我,咨询地址
你们医院的坐标发我,咨询地址
你们医院的位置发我,咨询地址
医院具体地点在哪里,咨询地址
你们院地址在？,咨询地址
你们医院在什么地方,咨询地址
你们的医院🏥 在哪里呢,咨询地址
你门医院在哪里,咨询地址
咱们医院在哪,咨询地址
您医院地址是哪里,咨询地址
医院在哪,咨询地址
医院在那个区啊,咨询地址
你们医院在那个位置,咨询地址
您好咱们医院地址在哪,咨询地址
你们医院在哪,咨询地址
医院在什么地方,咨询地址
那行，医院的具体地址在哪里？,咨询地址
你这个医院在哪里？,咨询地址
医院地址在哪里,咨询地址
我问一下你们医院在哪,咨询地址
请问你们医院的具体位子,咨询地址
你们这是哪里的医院呀？,咨询地址
是在安顺市吗？,咨询地址
医院是在六盘水市吧,咨询地址
你是哪里哦,咨询地址
您好咱们地址在哪,咨询地址
是在山东吗？,咨询地址
地址发我,咨询地址
地址在哪里呢,咨询地址
你们在什么地方？,咨询地址
请问您地址在哪里,咨询地址
你的地址在哪,咨询地址
我们这个学校在上海哪里？有其他分院吗,咨询地址
你们医院的地址在哪里,咨询地址
发下你们医院的地址,咨询地址
好的，给我个你们医院的地址,咨询地址
你们医院在哪个区,咨询地址
医院具体的位置是,咨询地址
医院的地址是啥,咨询地址
医院的位置发一个给我咯,咨询地址
方便发医院地址给我吗,咨询地址
你的地址给我个咯,咨询地址
给我个你们的地址,咨询地址
具体的地址给我一个,咨询地址
你们医院的定位发下,咨询地址
我想知道你们医院在哪里,咨询地址
咨询下医院的具体地址,咨询地址
具体位置是？,咨询地址
医院地址嘞？,咨询地址
我要你们的地址,咨询地址
我需要知道你们的具体地址,咨询地址
我需要知道你们的具体位置,咨询地址
医院的具体位置给我个,咨询地址
你们医院具体位于哪里,咨询地址
位置在哪里呢？,咨询地址
你们医院位于哪里,咨询地址
你们医院远不远啊,咨询地址
你们公司在哪？,咨询地址
问你们店在哪？,咨询地址
我问你们店在福田嘛？,咨询地址
你们医院在成都那里呢,咨询地址
学校具体地点在哪里,咨询地址
你们学校地址在？,咨询地址
你们在什么地方,咨询地址
地址在哪,咨询地址
在北京什么地方那个区,咨询地址
你们医院是公立还是私立医院,咨询公立私立
你们医院是私立的？,咨询公立私立
你们医院是公立的？,咨询公立私立
这个正规吗？,咨询公立私立
你们是正规的医院嘛,咨询公立私立
是正规医院吗？,咨询公立私立
你们是正规医院吗？,咨询公立私立
你们医院是私立的,咨询公立私立
你们医院是公立的,咨询公立私立
你们是公立医院吗,咨询公立私立
你们是私立医院吗,咨询公立私立
你们是莆田系医院吗,咨询公立私立
听说你们是公立的,咨询公立私立
听说你们是私立医院,咨询公立私立
你们是公立的吗,咨询公立私立
你们是私立的吗,咨询公立私立
是不是属于公立的,咨询公立私立
什么性质医院,咨询公立私立
是公办或是私家医院,咨询公立私立
你们是私人医院么,咨询公立私立
咨询公立私立,咨询公立私立
你们是什么性质的医院,咨询公立私立
你们医院是三甲吗,咨询公立私立
你们医院是公立医院吗,咨询公立私立
你们医院是私立医院吗,咨询公立私立
你们是公立还是私立医院？,咨询公立私立
你们医院是哪一级别的医院,咨询公立私立
你们医院属于什么医院,咨询公立私立
你们医院是公立的还是私立的,咨询公立私立
你们是公立医院还是私立医院,咨询公立私立
你微信多少,咨询微信
你微信多少发给我,咨询微信
微信聊？,咨询微信
加微信吧,咨询微信
我可以加您微信吗？,咨询微信
能加微信吗,咨询微信
怎么加您微信,咨询微信
我加你微信聊吧。方便吗？,咨询微信
你微信我多少啊？,咨询微信
我的微信号,咨询微信
那个是我的微信号,咨询微信
微信号啊,咨询微信
微信吗,咨询微信
VX？,咨询微信
你把号码发给我，我加你微信吧，我想了解一下!,咨询微信
我加下你,咨询微信
好的,我这边加下您把,您看一下,咨询微信
给我你的吧,咨询微信
我这边加下您把,您看一下,咨询微信
好的,我这边加您微信,您看下,咨询微信
你们微信是多少 我添加一下吧,咨询微信
加V,咨询微信
我家您吧,咨询微信
加个微信可以吗,咨询微信
你加我吧！朋友圈看不到吧,咨询微信
微信也可以,咨询微信
一般是微信,咨询微信
是不是直接加这个微信就可以,咨询微信
给我个微信吧 我要授课老师的微信,咨询微信
现在不怎么方便，先加你微信,咨询微信
微信,咨询微信
有微信吗？,咨询微信
发你的微信,咨询微信
方便加微信吗我发图,咨询微信
给我个微信吧 我要主任或院长的微信,咨询微信
我在上班，现在不怎么方便，我加你微信,咨询微信
你们医院有微信号吗？,咨询微信
微信是多少,咨询微信
微信号给我个,咨询微信
给我个微信号,咨询微信
医院的微信号是多少,咨询微信
医院的微信号是啥,咨询微信
微信号是多少,咨询微信
微信号有吗,咨询微信
我要你们医院的微信号,咨询微信
有可以预约的微信号吗,咨询微信
有可以咨询的微信号吗,咨询微信
预约微信号是多少,咨询微信
微信号码是多少,咨询微信
wechat给我,咨询微信
微信吧,咨询微信
我可以加你一个好友吗,咨询微信
你有微信吗,咨询微信
我可以加你微信吗,咨询微信
有微信号没,咨询微信
给个微信,咨询微信
能加你微信吗？,咨询微信
weixin聊,咨询微信
挂个号,确定预约时间
明天有门诊医生没,确定预约时间
什么时候可以过来检查呢,确定预约时间
这个直接就诊还是要预约,确定预约时间
医生说不像等星期一去检查,确定预约时间
明天要带去检查,确定预约时间
我需要预约,确定预约时间
我儿子马上面临高三，我估计是压力,确定预约时间
孩子就快放假了，到时候去你们那里看看,确定预约时间
我想自己过来看一下,确定预约时间
帮我预约一下,确定预约时间
我下周有空会过去,确定预约时间
帮我预约明天下午,确定预约时间
帮我预约这个周末可以吗,确定预约时间
帮我预约下个月,确定预约时间
帮我预约周一,确定预约时间
预约周一,确定预约时间
预约周二中午可以吗,确定预约时间
预约周三上午可以吗,确定预约时间
帮我预约周四吧,确定预约时间
预约五号吧,确定预约时间
月中我才会有空，先帮我预约吧,确定预约时间
帮我预约下个月初,确定预约时间
这个月底我有时间，帮我预约一下吧,确定预约时间
周六我有时间，帮我预约周六吧,确定预约时间
帮我订明天下午,确定预约时间
我明天下午过来,确定预约时间
帮我约个时间吧,确定预约时间
明天过去,确定预约时间
我周末可以过去,确定预约时间
帮我预约下周,确定预约时间
帮我挂个号,确定预约时间
帮我约下午,确定预约时间
预约一个比较权威的医生给我打吧,确定预约时间
说预约专家给我做,确定预约时间
我再看看，现在没时间来？,确定预约时间
今天能预约不,确定预约时间
下午过去可以吗,确定预约时间
这几天都可以来吗,确定预约时间
这几天能来治疗不,确定预约时间
最近可以就诊吗？,确定预约时间
你们电话多少,咨询电话
给我一下你们的电话,咨询电话
医院电话？,咨询电话
留一个电话吧,咨询电话
您的电话多少,咨询电话
你好能帮我联系下于巧研究医生吗谢谢,咨询电话
学校电话,咨询电话
你的电话多少,咨询电话
能给我一个你们的电话吗,咨询电话
你们的联系方式,咨询电话
能加下你电话吗,咨询电话
给下学校电话,咨询电话
学校有电话吗,咨询电话
能给我个联系方式吗,咨询电话
联系方式,咨询电话
号码多少,咨询电话
医院电话,咨询电话
你手机号码多少？,咨询电话
电话号码多少,咨询电话
电话吧，QQ不常用,咨询电话
给个电话,咨询电话
电话联系吧 比较直接,咨询电话
给个联系方式,咨询电话
请问，方便留下 你们那边的联系方式吗,咨询电话
电话号码给我,咨询电话
可以留一个联系方式给我吗,咨询电话
这边可以电话联系我吗,咨询电话
我给你打吧，她快中考了怕她听见,咨询电话
在黄陂，你可以留个电话给我吗,咨询电话
请问现在能通话吗,咨询电话
我想取出鼻子假体怎么联系,咨询电话
你吧你的电话给我我的微信不在了,咨询电话
我之前是加的余丰的微信，手机出了问题电话号码和微信都没了，你哪儿有余丰的电话吗,咨询电话
你手机号码多少？我加你。,咨询电话
我是咱们医院的老顾客，感觉咱们医院挺有实力的，如果想跟咱们医院合作，怎么联系呢？,咨询电话
我是陌陌平台运营人员李中行，平台之前对于医美行业是封禁的现在，开放了，想跟您联系一下,咨询电话
我等下联系你,咨询电话
你有周主任电话吗,咨询电话
你的号多少,咨询电话
你们医院电话是多少,咨询电话
你们医院电话多少,咨询电话
医院的电话是,咨询电话
电话热线是,咨询电话
医院电话热线是多少,咨询电话
电话号码给我一个,咨询电话
咨询电话是多少,咨询电话
医院的咨询热线是啥,咨询电话
给我个电话号码,咨询电话
号码给我一个咯,咨询电话
你们单位电话是多少,咨询电话
电话号码是多少,咨询电话
号码是多少,咨询电话
qq行吗,咨询QQ
您QQ呢,咨询QQ
你QQ多少,咨询QQ
可以加下qq吗,咨询QQ
给个QQ,咨询QQ
qq可以吗？,咨询QQ
扣扣号发我一下,咨询QQ
你们医院有QQ号吗？,咨询QQ
医院的QQ号是多少,咨询QQ
医院的QQ号是啥,咨询QQ
我要你们医院的QQ号,咨询QQ
你们公司有QQ号吗？,咨询QQ
QQ号给我个,咨询QQ
给我个QQ号,咨询QQ
公司的QQ号是多少,咨询QQ
公司的QQ号是啥,咨询QQ
QQ号是多少,咨询QQ
QQ号有吗,咨询QQ
我要你们公司的QQ号,咨询QQ
有可以预约的QQ号吗,咨询QQ
有可以咨询的QQ号吗,咨询QQ
预约QQ号是多少,咨询QQ
我可以加你QQ号吗,咨询QQ
扣扣号给我,咨询QQ
qq号码是多少,咨询QQ
qQ是多少,咨询QQ
企鹅号给我,咨询QQ
自驾车，终点导什么地方,咨询路线
几路公交能到你们那,咨询路线
你们那地铁能到吗,咨询路线
到你们那的公交需要转车吗,咨询路线
去你们那的路线,咨询路线
你们附近有地铁站吗,咨询路线
你们附近有公交站吗,咨询路线
怎么去你们那里,咨询路线
坐地铁去你们那里怎么去,咨询路线
坐公交方便吗,咨询路线
开车要怎么去,咨询路线
去你们那要怎么走,咨询路线
做地铁去你们那儿方便吗？,咨询路线
我搭公交去方便吗,咨询路线
我开车过去要怎么走,咨询路线
我骑车过去走么走,咨询路线
地铁几号线比较近,咨询路线
公交应该做那一路比较近,咨询路线
怎么去,咨询路线
怎么去你们医院最近,咨询路线
做地铁到那一站下,咨询路线
坐公交到那一站,咨询路线
你发个路线我自己开车过去,咨询路线
路线怎么走,咨询路线
在哪个站下？,咨询路线
具体怎么做车,咨询路线
哪一站,咨询路线
那你们医院在哪里？需要做什么号的公交车,咨询路线
我住东西湖这边可以坐六号线,咨询路线
那你把线路告诉我，我找去你们那里看一下。,咨询路线
129到哪站下,咨询路线
能告诉我在哪附近吗,咨询路线
坐几路到,咨询路线
住在柳南区城站路这里，这样坐哪路车过去呢,咨询路线
在什么地方坐车方便吗,咨询路线
是直达吗,咨询路线
转几号线？,咨询路线
什么站,咨询路线
从SM到整容院坐几路车,咨询路线
请问坐,咨询路线
我海沧乐海百货过去坐几路,咨询路线
问你哪个出口出,咨询路线
你们有车接送吗,咨询路线
如在柳州站，你们那能不能来到站接患者吗？,咨询路线
你们医院在哪条路上？有哪些公交车能到？,咨询路线
医院咋走,咨询路线
医院怎么去,咨询路线
你们那边怎么走,咨询路线
可以坐地铁去吗,咨询路线
你们医院的路线怎么走,咨询路线
我要到哪里下车,咨询路线
我要在哪里坐车,咨询路线
怎么去你那,咨询路线
告诉我路线,咨询路线
坐铁路几号线,咨询路线
到你们医院坐几号地铁,咨询路线
想问一下怎么到你们那,咨询路线
是的，想问一下怎么到你们那,咨询路线
请问坐地铁怎么去,咨询路线
公交坐几路车？,咨询路线
怎么去你们医院最方便,咨询路线
你们医院怎么走,咨询路线
怎么去你们医院,咨询路线
你们医院咋走方便呢,咨询路线
公交车有直达医院吗,咨询路线
医院的附近有什么车站点吗,咨询路线
咋去你们医院,咨询路线
介绍下你们医院,咨询公司介绍
简单介绍下你们医院情况？,咨询公司介绍
医院简介？,咨询公司介绍
介绍下医院基本信息,咨询公司介绍
请问你们是哪个医院,咨询公司介绍
你们是几级医院,咨询公立私立
有你们医院的具体介绍吗,咨询公司介绍
医院有简介吗,咨询公司介绍
你们医院是做啥的,咨询公司介绍
有医院的介绍吗,咨询公司介绍
有医院简介吗,咨询公司介绍
医院的特色是啥,咨询公司介绍
我想问那家医院好点,咨询公司介绍
你们医院正规吗,咨询公立私立
你们几点上班,咨询上班时间
你们上班时间？,咨询上班时间
你们什么时候上班,咨询上班时间
法定节假日有上班吗,咨询上班时间
晚上有上班吗,咨询上班时间
医院几点上班,咨询上班时间
医院上班时间,咨询上班时间
几点到几点,咨询上班时间
请问一下皮肤科有人在上班吗,咨询上班时间
防疫期间今天门诊在上班没,咨询上班时间
你们医院上班吗,咨询上班时间
你们春节什么时候放假呀,咨询上班时间
我想问一下你们什么时候放假,咨询上班时间
初二上班吗,咨询上班时间
你们店什么时候开门呢？,咨询上班时间
你们什么时候上班呢,咨询上班时间
什么时候上班,咨询上班时间
今天医院上班没有,咨询上班时间
你们医院什么时候上班,咨询上班时间
你们上班了吗,咨询上班时间
今天上班吗,咨询上班时间
医生下班了吗？,咨询上班时间
你们医院几号开门？,咨询上班时间
今天上班吗？,咨询上班时间
今天医院休息吗？,咨询上班时间
你们这两天上班吗,咨询上班时间
你好亲，医院今天还上班吗,咨询上班时间
现在开着门吗,咨询上班时间
医院上班了吗？,咨询上班时间
开业了吗,咨询上班时间
你们开工了吗,咨询上班时间
你们医院目前开业了没有,咨询上班时间
欧菲现在有营业吗,咨询上班时间
昆明艺星开门吗今天,咨询上班时间
你好，我想问一下现在营业吗？,咨询上班时间
我想问一下你们在营业没有,咨询上班时间
请问最近有营业吗,咨询上班时间
现在你们开业吗,咨询上班时间
最近上班了么,咨询上班时间
啥时候开门营业,咨询上班时间
你们什么时候开始上班,咨询上班时间
疫情期间已经在上班了吗,咨询上班时间
你们医院开门了吗,咨询上班时间
医院开门了吗,咨询上班时间
上班了吗你们,咨询上班时间
我说你们上班了吗,咨询上班时间
请问医院什么时候能开门,咨询上班时间
请问医院哪天能营业呢,咨询上班时间
几号开始营业,咨询上班时间
我想问你几号开始营业？,咨询上班时间
上班吗,咨询上班时间
医院上班了吗,咨询上班时间
亲，在营业么？,咨询上班时间
你们在营业么？我下午过去看看,咨询上班时间
请问你们医院现在有没有上班？,咨询上班时间
你们今天开业吗,咨询上班时间
几号复工呢,咨询上班时间
你们医院最近上班没,咨询上班时间
最近上班没有,咨询上班时间
医院最近上班吗？,咨询上班时间
你们几号开门呢,咨询上班时间
什么时候医院开门,咨询上班时间
你们医院营业么,咨询上班时间
现在医院正常营业吗,咨询上班时间
你好你们几号上班,咨询上班时间
请问你们现在复工了吗,咨询上班时间
复工了么,咨询上班时间
你们啥时候上班,咨询上班时间
疫情期间你们也上班吗？,咨询上班时间
台州艺星现在开院了吗？,咨询上班时间
今天有开店吗,咨询上班时间
丽都上班了没？,咨询上班时间
现在医院开门没,咨询上班时间
现在你们还开门着吗,咨询上班时间
现在疫情期间你们还能弄？,咨询上班时间
你们目前在上班接待客户吗,咨询上班时间
上班了没请问,咨询上班时间
你好！我想问下利美康开始上班没？,咨询上班时间
现在店开了没有,咨询上班时间
你们好久上班,咨询上班时间
你们医院现在能去看吗,咨询上班时间
您好，现在能去医院吗,咨询上班时间
你们医院现在可以看吗,咨询上班时间
临床算了，没时间，要上班,咨询上班时间
你们上班时间,咨询上班时间
你们几点开始上班,咨询上班时间
你们周末上班吗,咨询上班时间
你们每天都有上班吗,咨询上班时间
你们早上几点开始上班,咨询上班时间
晚上几点下班,咨询上班时间
上班时间？,咨询上班时间
你们那里几点开门,咨询上班时间
你们几点关门,咨询上班时间
你们医院几点上班,咨询上班时间
几点下班,咨询上班时间
周末上班吗,咨询上班时间
你们有节假日吗,咨询上班时间
你们医院有比较厉害的专家吗？,咨询专家
你们医院厉害的主任有吗？,咨询专家
有专业的医生吗？,咨询专家
你们医资力量怎么样？,咨询专家
你们医院会有比较专业的主任吗？,咨询专家
没有专家确认,咨询专家
你是那位医师,咨询专家
有专业的医师吗,咨询专家
对了，我还想咨询一下你们医院哪个医生做的好,咨询专家
对了，我还想咨询一下双眼皮你们医院哪个医生做的好,咨询专家
你这边可以给我推荐一个好的医生么？对我的皮肤有针对性的治疗,咨询专家
接诊和手术医生不是同一个吗,咨询专家
我问下哪个医生,咨询专家
我想找他咨询～比较专业,咨询专家
你们的王牌医生是哪一个,咨询专家
主刀医生都有谁？,咨询专家
求你看在我已经交定金的份上告诉我谁做的最好我保密,咨询专家
医生很重要,咨询专家
专门看脸那一块的那个女医生,咨询专家
我想问你们医师那个做的最好,咨询专家
面诊的医生可以选吗还是,咨询专家
请问你们咨询能不能安排女医生女护士的阿啊？做整形美容,咨询专家
就是你们张部长负责我的美容项目的,咨询专家
觉得吴博士做的挺好的,咨询专家
你刚介绍的孟娟医生是周几上班呢,咨询专家
你家哪位医生注射好,咨询专家
现在约的医生是以后要帮忙手术的医生吗,咨询专家
我有一个朋友的鼻子在你们那做的，简直太丑了，还有好点的医生吗,咨询专家
我想请黄方老师做，可以吗,咨询专家
激光科，张弘医生,咨询专家
这个电话打不通,咨询电话
路线还清楚吗？,咨询路线
我只有短号,咨询电话
罗红霉素胶囊,咨询药物
有耳痒 听力下降 耳鸣 耳痛的症状,描述症状
但是以前我都在老家那边看的,描述就诊史
你看如何,无
鼻子流黄水怎么回事还有头疼。头晕。,咨询病因
一透气就像被一颗炮弹给炸了似的,描述症状
嗯，男。费用多少？,咨询检查费用
几甲？,咨询公司介绍
转诊便宜点吧？,咨询检查费用
行，那本周六上午我过来吧，大概10-12点,确定预约时间
你们的检查正规吗？和市区内大医院的检查程序和设备是一样的吗？,咨询公司介绍
可为什么大医院的人多呢？,无
鼻窦炎,咨询项目介绍
就是想问问你喉咙咸咸的怎么回事,咨询病因
现在吃啊莫西林胶囊可以吗,咨询药物
您好，请问我能问你个问题么？,无
鼻炎和鼻窦炎有什么区别？,咨询项目介绍
鼻炎会不会引起鼻癌,咨询危害
请问鼻夹肥大必须手术？吗,咨询动刀
但有的医生说鼻中隔偏曲不严重，矫正意义不大,描述就诊史
以上您所说的几种方法有没有副作用？平时需要注意什么吗？,咨询危害
一般费用大概多少，微创治疗需要多少天,咨询费用
你好，这个预约号WNE2964656 能看出来是排在多少号吗，是上午的号还是下午的号呢,无
我想问一下，一般去你们医院费用大概多少钱，过年期间什么时候是营业的,咨询上班时间
听医生说不能洗太热的澡？是吗？还有饮食方面有哪些禁忌？,咨询食疗
中华门？,咨询地址
治不好，放弃了,无
鼻窦炎会复发的能不能治根呀,咨询疗效
我老婆鼻炎七八年了，会不会治疗晚了,咨询危害
你们是什么医院？,咨询公司介绍
耳膜穿孔费用多少,咨询价格
刚才的内容又不见了怎么回事,无
你们医院是不是在大明路那边,咨询地址
手术有风险吗,咨询动刀
哦，明白了啦，是不是气候干燥有关？,无
蝶窦及左侧筛窦炎是什么？,咨询项目介绍
你们那里星期六星期天都不休息吗？,咨询上班时间
从没有看过，因为你们是专业医院，特首先咨询一下你。,无
用青霉素要几天会好,咨询疗效
不知道那里医院看比较好？,咨询公司介绍
检查单没了,无
我是学唱歌的 会不会对这个有点影响？,咨询危害
我当时去检查的时候医生说住一天就可以了啊,咨询住院
神经性耳鸣属于耳鼻喉科吗,咨询项目介绍
那有什么药吗,咨询药物
请问现在还有值班医生？,咨询上班时间
过敏性鼻炎变慢性鼻炎，鼻中隔偏曲，整夜打鼾呼吸暂停，怎样减轻痛苦?谢谢！,咨询治疗方式
手术是要切除什么吗？有风险吗？,咨询动刀
有微创修补吗,咨询项目介绍
你好，请问江宁区的医保卡能用吗,无
可以导航啊〖笑〗,咨询路线
不过路上可能有点远吧，我家在南京市中医院原址附近,咨询路线
我在坐地铁3号线，怎么乘车去你们医院,咨询路线
找哪位比较好,咨询专家
持续了快三年了 感觉很苦恼 中药刚开始喝有减轻的趋势 后来效果不明显了,描述症状
检查费需要多少钱,咨询检查费用
为什么正常的时候说话都费劲呢,咨询病因
微创手术可以即开即走嘛,咨询动刀
你还是告我加你的方式吧，,咨询微信
能根治吗？,咨询疗效
什么优惠,咨询价格
好的，那是挂哪个专家号吗？有针对性哪位专家吗？,咨询专家
有什么办法防治吗？,咨询治疗方式
感觉都是恶性的，还会病变,咨询危害
现在半边脸没知觉,描述症状
请问您在哪,咨询地址
大概多久能恢复正常,咨询疗效
请问我经常闻不到味道,咨询病因
像个气球吹气,描述症状
小孩耳朵里塞了个假花的花瓣,描述症状
您分析怎么办？,咨询治疗方式
下午王齐峰在吗,咨询专家
去你们那治疗可以报销吗,咨询检查费用
你们这个是专科医院吧？,咨询公司介绍
你的是多少，我加你,咨询微信
医保看到一仟可以打折你们医院打折吗,咨询价格
耳鸣如蝉己数十年,描述症状
徐其昌主任今天在吗,咨询专家
到中华门地铁站吗,咨询路线
什么签售？,无
我去你处，从君望墅如何走,咨询路线
你那热线能打吗,咨询电话
我开车来吧,咨询路线
在哪,咨询地址
是民营医院吗？,咨询公立私立
一般这个不会误症吧,咨询危害
几级几等,咨询公司介绍
有沒有機會好？,咨询疗效
什么处方伐,咨询药物
uppp手術，成功率醫生說只有50%,咨询动刀
了解下差價,咨询价格
挂什么科呢,咨询检查方式
南京哪里,咨询地址
周永康  18   17551038290   预计四点二十左右到达   耳科专家,确定预约时间
怎么调理,咨询食疗
工作是机械加工，公司里空气质量差，而且经常需要加班,无
之前在医院也洗过一次，后来拿一点药洗了，之后还是痒,描述就诊史
这是怎么回事呢？,咨询病因
鼻炎怎么缓解,咨询疗程
我只是还有一个问题,无